minutes_played,matches_per_week,training_minutes,training_intensity,sessions_per_week,fatigue_level,muscle_soreness,sleep_quality,previous_injury,injury_date,recovery_days,training_date,match_date,entry_date,injury_risk
25,0,230,2,4,1,1,2,0,,0,2025-11-17,,2025-11-18,0
43,1,151,2,2,3,2,3,0,,0,2025-08-08,2025-08-08,2025-08-09,0
65,2,385,3,5,6,3,2,1,2025-02-06,30,2025-03-14,2025-03-14,2025-03-15,1
55,0,286,1,4,4,2,2,0,,0,2025-08-06,,2025-08-07,0
90,3,502,3,7,9,3,1,1,2025-11-20,22,2025-12-14,2025-12-15,2025-12-15,2
93,2,543,3,6,10,3,1,1,2025-01-31,24,2025-03-01,2025-03-03,2025-03-02,2
62,2,342,2,4,5,3,2,0,,0,2025-12-25,2025-12-25,2025-12-26,1
67,2,405,2,5,6,2,2,0,,0,2025-12-22,2025-12-24,2025-12-23,1
77,2,371,2,5,6,3,2,0,,0,2025-12-17,2025-12-18,2025-12-18,1
78,1,346,2,4,7,2,2,1,2025-08-15,19,2025-08-26,2025-08-28,2025-08-27,1
65,2,382,2,4,6,2,2,0,,0,2025-08-23,2025-08-23,2025-08-24,1
30,0,192,1,4,4,2,2,0,,0,2025-08-30,,2025-08-31,0
68,1,338,2,5,5,3,2,0,,0,2025-06-23,2025-06-24,2025-06-24,1
65,2,380,2,5,6,3,2,1,2024-11-20,17,2025-01-06,2025-01-06,2025-01-07,1
23,1,241,2,3,3,2,2,0,,0,2025-10-05,2025-10-06,2025-10-06,0
84,3,473,3,5,10,3,1,1,2025-11-24,16,2025-12-28,2025-12-28,2025-12-29,2
85,3,596,3,7,10,3,1,1,2025-09-21,10,2025-11-02,2025-11-02,2025-11-03,2
88,3,575,3,5,8,3,1,1,2025-07-26,28,2025-09-19,2025-09-21,2025-09-20,2
84,2,537,3,7,8,3,1,1,2025-12-13,18,2026-01-15,2026-01-15,2026-01-16,2
81,2,577,3,5,10,3,1,1,2024-12-17,23,2025-01-05,2025-01-07,2025-01-06,2
64,2,419,2,5,6,3,2,0,,0,2026-01-01,2026-01-01,2026-01-02,1
62,2,346,2,5,5,3,2,0,,0,2025-12-19,2025-12-21,2025-12-20,1
87,2,530,3,6,9,3,1,1,2025-06-08,21,2025-07-01,2025-07-02,2025-07-02,2
90,2,507,3,6,9,3,1,1,2025-09-18,16,2025-10-21,2025-10-21,2025-10-22,2
71,1,391,2,5,7,2,2,0,,0,2025-12-10,2025-12-10,2025-12-11,1
76,2,364,2,4,5,2,2,0,,0,2026-01-15,2026-01-15,2026-01-16,1
64,1,305,3,5,6,2,2,1,2025-02-26,24,2025-03-09,2025-03-11,2025-03-10,1
80,3,517,3,5,10,3,1,1,2025-04-30,29,2025-05-18,2025-05-20,2025-05-19,2
88,2,500,3,6,10,3,1,1,2025-10-22,8,2025-11-20,2025-11-22,2025-11-21,2
71,2,306,3,5,6,3,2,0,,0,2025-11-20,2025-11-20,2025-11-21,1
64,2,315,3,4,6,2,2,0,,0,2026-01-03,2026-01-03,2026-01-04,1
27,0,295,2,4,1,2,2,0,,0,2025-01-14,,2025-01-15,0
59,1,297,2,3,3,1,2,0,,0,2025-06-01,2025-06-03,2025-06-02,0
95,2,567,3,6,10,3,1,1,2025-03-03,13,2025-04-23,2025-04-24,2025-04-24,2
40,1,188,2,3,2,2,3,0,,0,2025-01-03,2025-01-03,2025-01-04,0
36,1,247,2,3,4,1,2,0,,0,2025-02-05,2025-02-05,2025-02-06,0
71,2,395,3,4,7,2,2,1,2024-12-07,29,2025-01-11,2025-01-11,2025-01-12,1
20,1,288,2,2,3,2,3,0,,0,2025-08-08,2025-08-09,2025-08-09,0
86,2,499,3,6,9,3,1,1,2025-04-07,10,2025-05-10,2025-05-11,2025-05-11,2
83,3,473,3,7,8,3,1,1,2024-11-28,14,2025-01-15,2025-01-15,2025-01-16,2
86,3,573,3,5,8,3,1,1,2025-08-02,12,2025-08-21,2025-08-21,2025-08-22,2
91,2,468,3,5,8,3,1,1,2025-08-30,25,2025-09-23,2025-09-24,2025-09-24,2
93,3,459,3,6,9,3,1,1,2025-04-18,16,2025-05-08,2025-05-10,2025-05-09,2
85,2,561,3,7,8,3,1,1,2025-04-29,14,2025-05-28,2025-05-28,2025-05-29,2
61,2,384,3,5,7,3,2,0,,0,2025-09-19,2025-09-20,2025-09-20,1
93,3,563,3,5,8,3,1,1,2025-04-06,14,2025-05-04,2025-05-05,2025-05-05,2
21,0,295,1,4,3,1,2,0,,0,2025-09-16,,2025-09-17,0
57,0,276,1,2,1,1,3,0,,0,2025-07-10,,2025-07-11,0
80,2,361,2,5,6,3,2,1,2025-09-12,11,2025-09-30,2025-09-30,2025-10-01,1
62,1,344,2,5,7,2,2,1,2025-10-16,20,2025-12-15,2025-12-15,2025-12-16,1
76,2,332,3,5,5,2,2,1,2024-11-25,8,2025-01-10,2025-01-12,2025-01-11,1
86,3,567,3,7,10,3,1,1,2025-11-21,20,2025-12-22,2025-12-22,2025-12-23,2
38,0,268,1,2,2,1,3,0,,0,2026-01-24,,2026-01-25,0
76,1,378,2,4,5,3,2,0,,0,2025-07-02,2025-07-02,2025-07-03,1
48,1,290,2,3,3,2,3,0,,0,2025-07-12,2025-07-14,2025-07-13,0
73,1,383,3,5,6,2,2,0,,0,2025-02-24,2025-02-25,2025-02-25,1
85,2,514,3,5,8,3,1,1,2025-06-28,28,2025-07-21,2025-07-22,2025-07-22,2
61,1,330,2,4,5,2,2,0,,0,2025-12-25,2025-12-25,2025-12-26,1
94,3,537,3,7,8,3,1,1,2025-08-22,7,2025-09-17,2025-09-19,2025-09-18,2
93,2,600,3,5,8,3,1,1,2025-04-02,7,2025-05-25,2025-05-26,2025-05-26,2
85,3,470,3,6,9,3,1,1,2025-06-25,23,2025-07-31,2025-08-01,2025-08-01,2
47,1,205,1,4,1,1,3,0,,0,2025-06-16,2025-06-16,2025-06-17,0
64,1,359,3,4,5,3,2,1,2025-10-10,29,2025-10-22,2025-10-24,2025-10-23,1
25,1,279,1,4,3,2,2,0,,0,2025-02-08,2025-02-09,2025-02-09,0
24,0,243,2,4,4,1,3,0,,0,2025-05-19,,2025-05-20,0
35,1,279,2,4,1,1,2,0,,0,2025-04-11,2025-04-11,2025-04-12,0
95,3,462,3,5,9,3,1,1,2026-01-01,12,2026-01-16,2026-01-18,2026-01-17,2
67,1,327,3,4,5,2,2,0,,0,2025-03-23,2025-03-24,2025-03-24,1
68,1,378,3,4,6,2,2,1,2025-04-19,25,2025-05-27,2025-05-28,2025-05-28,1
94,3,478,3,7,9,3,1,1,2025-06-10,26,2025-08-05,2025-08-07,2025-08-06,2
79,2,341,2,5,7,2,2,0,,0,2025-12-20,2025-12-22,2025-12-21,1
22,0,188,1,2,1,2,2,0,,0,2025-03-13,,2025-03-14,0
79,2,368,2,5,5,2,2,0,,0,2025-08-11,2025-08-11,2025-08-12,1
91,2,454,3,7,8,3,1,1,2025-07-10,9,2025-09-05,2025-09-06,2025-09-06,2
85,3,578,3,5,9,3,1,1,2025-04-27,15,2025-05-18,2025-05-19,2025-05-19,2
47,0,155,1,2,4,1,3,0,,0,2025-06-15,,2025-06-16,0
89,2,596,3,7,10,3,1,1,2025-10-16,11,2025-11-09,2025-11-10,2025-11-10,2
32,1,207,2,4,4,1,3,0,,0,2025-05-20,2025-05-22,2025-05-21,0
76,2,302,2,5,6,3,2,1,2025-10-15,20,2025-11-25,2025-11-26,2025-11-26,1
79,2,359,3,4,5,3,2,0,,0,2025-09-19,2025-09-21,2025-09-20,1
64,2,349,3,4,5,2,2,0,,0,2026-02-05,2026-02-05,2026-02-06,1
36,0,178,2,3,4,1,3,0,,0,2025-02-04,,2025-02-05,0
43,0,186,1,4,2,1,2,0,,0,2025-11-28,,2025-11-29,0
72,2,415,3,5,7,2,2,0,,0,2026-02-02,2026-02-04,2026-02-03,1
32,1,213,1,3,2,1,2,0,,0,2025-07-11,2025-07-13,2025-07-12,0
61,1,414,3,5,5,2,2,0,,0,2025-06-03,2025-06-05,2025-06-04,1
58,1,264,2,3,1,2,3,0,,0,2025-07-24,2025-07-25,2025-07-25,0
37,1,286,2,4,3,1,3,0,,0,2025-08-03,2025-08-03,2025-08-04,0
91,3,484,3,5,10,3,1,1,2025-11-30,7,2026-01-14,2026-01-15,2026-01-15,2
60,2,408,3,5,7,3,2,1,2025-08-14,24,2025-09-18,2025-09-18,2025-09-19,1
93,3,497,3,6,8,3,1,1,2025-07-12,20,2025-08-08,2025-08-10,2025-08-09,2
74,1,403,3,4,7,3,2,0,,0,2025-03-01,2025-03-03,2025-03-02,1
80,1,300,3,4,5,2,2,1,2025-07-05,11,2025-08-01,2025-08-03,2025-08-02,1
62,1,390,2,5,5,2,2,0,,0,2025-02-10,2025-02-10,2025-02-11,1
89,2,542,3,7,9,3,1,1,2025-09-12,29,2025-09-30,2025-10-02,2025-10-01,2
89,2,534,3,7,8,3,1,1,2025-02-16,24,2025-03-04,2025-03-04,2025-03-05,2
85,2,493,3,5,8,3,1,1,2025-04-29,15,2025-05-28,2025-05-30,2025-05-29,2
94,3,531,3,5,10,3,1,1,2025-08-12,27,2025-09-22,2025-09-24,2025-09-23,2
64,2,340,2,4,6,3,2,0,,0,2025-02-24,2025-02-25,2025-02-25,1
53,0,236,2,4,3,1,3,0,,0,2025-06-06,,2025-06-07,0
26,1,210,2,2,3,2,2,0,,0,2025-12-23,2025-12-24,2025-12-24,0
74,1,308,2,5,7,3,2,1,2025-12-21,27,2026-01-21,2026-01-23,2026-01-22,1
37,1,259,2,4,1,1,2,0,,0,2026-01-17,2026-01-19,2026-01-18,0
93,3,451,3,6,8,3,1,1,2025-08-27,24,2025-10-03,2025-10-04,2025-10-04,2
94,2,490,3,5,9,3,1,1,2025-11-15,29,2026-01-08,2026-01-10,2026-01-09,2
63,2,318,2,4,7,2,2,1,2025-08-20,17,2025-10-13,2025-10-13,2025-10-14,1
51,1,216,1,3,3,2,2,0,,0,2025-08-26,2025-08-26,2025-08-27,0
54,1,164,1,4,2,2,3,0,,0,2025-12-15,2025-12-17,2025-12-16,0
81,2,503,3,5,10,3,1,1,2025-03-19,17,2025-05-03,2025-05-05,2025-05-04,2
37,1,292,2,2,1,2,3,0,,0,2025-05-06,2025-05-06,2025-05-07,0
45,0,266,2,3,2,1,3,0,,0,2025-01-23,,2025-01-24,0
88,3,540,3,7,9,3,1,1,2025-11-25,16,2026-01-08,2026-01-08,2026-01-09,2
73,1,326,2,5,6,2,2,1,2024-12-21,9,2025-01-07,2025-01-07,2025-01-08,1
25,0,179,1,2,2,1,2,0,,0,2025-12-14,,2025-12-15,0
36,0,295,1,3,1,1,2,0,,0,2025-02-04,,2025-02-05,0
67,2,401,2,5,7,3,2,0,,0,2025-12-12,2025-12-12,2025-12-13,1
52,1,156,1,2,1,2,3,0,,0,2025-01-10,2025-01-10,2025-01-11,0
36,1,158,1,3,1,2,2,0,,0,2025-02-03,2025-02-03,2025-02-04,0
93,2,540,3,7,8,3,1,1,2025-06-24,28,2025-07-21,2025-07-22,2025-07-22,2
64,2,386,3,4,7,2,2,0,,0,2025-09-26,2025-09-27,2025-09-27,1
46,1,208,1,3,1,1,2,0,,0,2026-01-24,2026-01-26,2026-01-25,0
66,1,408,2,5,6,3,2,1,2025-04-25,23,2025-05-26,2025-05-27,2025-05-27,1
29,1,208,2,4,2,2,2,0,,0,2026-01-19,2026-01-21,2026-01-20,0
75,1,362,3,5,6,3,2,0,,0,2026-01-10,2026-01-10,2026-01-11,1
39,0,281,1,4,1,2,3,0,,0,2025-09-20,,2025-09-21,0
54,1,219,1,2,4,1,2,0,,0,2025-09-20,2025-09-20,2025-09-21,0
80,2,383,2,4,5,3,2,1,2025-07-08,29,2025-08-18,2025-08-19,2025-08-19,1
82,2,503,3,6,8,3,1,1,2025-08-22,18,2025-09-06,2025-09-06,2025-09-07,2
84,3,563,3,5,10,3,1,1,2025-05-13,29,2025-07-04,2025-07-06,2025-07-05,2
68,2,341,2,5,5,2,2,0,,0,2025-04-08,2025-04-08,2025-04-09,1
84,3,584,3,7,8,3,1,1,2025-04-04,29,2025-04-28,2025-04-28,2025-04-29,2
86,3,530,3,5,8,3,1,1,2025-02-24,20,2025-03-06,2025-03-06,2025-03-07,2
91,3,559,3,7,10,3,1,1,2025-10-04,15,2025-11-07,2025-11-07,2025-11-08,2
89,2,540,3,7,8,3,1,1,2025-05-17,26,2025-07-09,2025-07-09,2025-07-10,2
36,1,275,2,4,2,2,3,0,,0,2025-03-05,2025-03-05,2025-03-06,0
95,3,463,3,6,10,3,1,1,2025-11-07,9,2026-01-03,2026-01-04,2026-01-04,2
30,1,180,2,2,3,2,3,0,,0,2025-01-23,2025-01-23,2025-01-24,0
93,2,555,3,6,9,3,1,1,2025-02-23,12,2025-03-29,2025-03-30,2025-03-30,2
40,0,250,2,2,3,1,2,0,,0,2025-05-04,,2025-05-05,0
70,1,398,3,5,7,2,2,0,,0,2025-01-24,2025-01-24,2025-01-25,1
45,1,150,1,3,2,2,3,0,,0,2025-10-26,2025-10-26,2025-10-27,0
45,1,237,1,3,2,2,3,0,,0,2025-10-03,2025-10-05,2025-10-04,0
29,0,228,1,3,4,1,2,0,,0,2026-01-20,,2026-01-21,0
59,0,274,1,3,2,1,3,0,,0,2025-03-09,,2025-03-10,0
60,1,295,1,4,3,1,3,0,,0,2025-08-21,2025-08-23,2025-08-22,0
49,1,228,2,3,2,2,3,0,,0,2025-12-24,2025-12-25,2025-12-25,0
23,0,214,1,3,4,2,2,0,,0,2025-04-24,,2025-04-25,0
80,2,564,3,7,10,3,1,1,2025-12-15,8,2025-12-28,2025-12-30,2025-12-29,2
59,0,189,2,3,4,1,3,0,,0,2025-07-30,,2025-07-31,0
24,0,275,1,4,2,2,2,0,,0,2025-05-06,,2025-05-07,0
66,1,389,2,4,7,3,2,1,2025-08-02,16,2025-08-27,2025-08-29,2025-08-28,1
82,2,591,3,5,9,3,1,1,2025-01-15,20,2025-02-16,2025-02-18,2025-02-17,2
51,1,266,2,4,4,2,3,0,,0,2025-02-03,2025-02-03,2025-02-04,0
79,1,331,2,5,6,2,2,1,2025-07-18,25,2025-07-28,2025-07-28,2025-07-29,1
83,2,500,3,5,8,3,1,1,2025-10-21,15,2025-11-11,2025-11-11,2025-11-12,2
42,0,300,2,3,2,2,2,0,,0,2025-09-19,,2025-09-20,0
63,2,377,2,5,6,2,2,0,,0,2025-09-06,2025-09-06,2025-09-07,1
84,2,524,3,7,10,3,1,1,2025-10-11,29,2025-10-24,2025-10-24,2025-10-25,2
24,1,158,2,3,3,1,3,0,,0,2025-08-19,2025-08-21,2025-08-20,0
51,1,262,1,4,2,1,3,0,,0,2025-07-06,2025-07-08,2025-07-07,0
62,1,328,2,4,7,3,2,1,2025-10-01,9,2025-11-05,2025-11-06,2025-11-06,1
48,0,216,2,2,3,1,2,0,,0,2025-07-26,,2025-07-27,0
85,2,563,3,6,8,3,1,1,2025-12-07,14,2025-12-31,2026-01-01,2026-01-01,2
23,1,298,2,3,2,2,3,0,,0,2025-06-16,2025-06-17,2025-06-17,0
45,0,273,2,4,2,2,3,0,,0,2025-07-28,,2025-07-29,0
84,2,516,3,6,9,3,1,1,2025-05-16,17,2025-06-21,2025-06-22,2025-06-22,2
95,2,508,3,5,10,3,1,1,2025-07-27,28,2025-09-06,2025-09-06,2025-09-07,2
51,0,186,1,4,3,2,2,0,,0,2026-01-29,,2026-01-30,0
57,1,201,2,2,4,2,2,0,,0,2025-09-15,2025-09-17,2025-09-16,0
95,3,585,3,6,8,3,1,1,2025-03-20,24,2025-04-24,2025-04-26,2025-04-25,2
81,3,539,3,7,8,3,1,1,2025-02-11,23,2025-03-18,2025-03-20,2025-03-19,2
95,3,575,3,5,9,3,1,1,2025-12-11,18,2025-12-26,2025-12-28,2025-12-27,2
39,1,236,1,4,4,2,2,0,,0,2025-09-15,2025-09-15,2025-09-16,0
90,2,591,3,5,8,3,1,1,2025-07-25,16,2025-08-16,2025-08-16,2025-08-17,2
61,2,380,3,4,6,3,2,1,2025-04-18,14,2025-05-09,2025-05-10,2025-05-10,1
64,2,395,3,5,6,2,2,0,,0,2025-07-28,2025-07-28,2025-07-29,1
63,2,326,3,5,5,2,2,0,,0,2025-12-07,2025-12-09,2025-12-08,1
55,0,159,1,4,1,1,3,0,,0,2025-02-18,,2025-02-19,0
76,2,357,3,4,6,3,2,1,2025-10-04,17,2025-11-28,2025-11-29,2025-11-29,1
41,0,277,1,4,1,2,2,0,,0,2025-04-10,,2025-04-11,0
75,2,394,2,5,6,3,2,0,,0,2025-03-07,2025-03-08,2025-03-08,1
81,3,468,3,7,8,3,1,1,2025-12-24,25,2026-01-31,2026-02-01,2026-02-01,2
92,3,489,3,6,8,3,1,1,2025-07-06,26,2025-07-22,2025-07-23,2025-07-23,2
79,2,417,3,4,7,2,2,1,2025-06-13,14,2025-07-26,2025-07-26,2025-07-27,1
85,3,483,3,5,9,3,1,1,2025-09-15,30,2025-10-13,2025-10-14,2025-10-14,2
81,2,590,3,5,9,3,1,1,2025-09-18,15,2025-09-28,2025-09-28,2025-09-29,2
44,0,256,1,4,3,2,3,0,,0,2025-01-14,,2025-01-15,0
82,3,529,3,6,9,3,1,1,2025-02-02,24,2025-03-09,2025-03-10,2025-03-10,2
24,1,167,2,3,1,2,3,0,,0,2025-04-03,2025-04-03,2025-04-04,0
92,2,516,3,5,8,3,1,1,2025-09-08,9,2025-10-07,2025-10-08,2025-10-08,2
86,3,586,3,7,10,3,1,1,2025-08-28,26,2025-09-22,2025-09-24,2025-09-23,2
65,1,358,3,5,7,3,2,1,2025-08-22,11,2025-10-13,2025-10-15,2025-10-14,1
71,2,308,2,5,7,2,2,0,,0,2026-01-03,2026-01-04,2026-01-04,1
78,2,409,3,4,6,2,2,0,,0,2025-04-05,2025-04-06,2025-04-06,1
35,0,265,1,4,1,2,2,0,,0,2025-01-10,,2025-01-11,0
42,0,225,2,4,2,2,3,0,,0,2025-07-19,,2025-07-20,0
75,2,334,3,4,5,2,2,1,2025-11-26,22,2026-01-06,2026-01-07,2026-01-07,1
60,1,330,3,5,7,3,2,0,,0,2025-08-01,2025-08-01,2025-08-02,1
67,2,384,3,4,6,3,2,1,2024-12-01,21,2025-01-08,2025-01-08,2025-01-09,1
93,2,450,3,7,8,3,1,1,2025-12-31,14,2026-01-18,2026-01-20,2026-01-19,2
69,1,378,2,5,6,2,2,0,,0,2025-05-07,2025-05-08,2025-05-08,1
81,2,456,3,7,10,3,1,1,2024-12-14,21,2025-01-07,2025-01-07,2025-01-08,2
91,3,485,3,6,10,3,1,1,2024-11-20,25,2025-01-04,2025-01-04,2025-01-05,2
55,0,193,2,4,1,1,3,0,,0,2025-10-12,,2025-10-13,0
80,3,559,3,7,8,3,1,1,2024-12-06,28,2025-01-04,2025-01-05,2025-01-05,2
41,0,209,2,2,1,2,3,0,,0,2025-11-16,,2025-11-17,0
83,2,583,3,6,8,3,1,1,2024-12-10,7,2025-01-24,2025-01-26,2025-01-25,2
66,1,362,2,5,5,3,2,0,,0,2025-11-29,2025-11-30,2025-11-30,1
61,1,403,3,4,5,3,2,1,2025-09-01,20,2025-09-15,2025-09-16,2025-09-16,1
59,1,158,1,4,3,2,3,0,,0,2026-01-12,2026-01-13,2026-01-13,0
95,2,488,3,6,9,3,1,1,2025-08-11,19,2025-10-10,2025-10-12,2025-10-11,2
71,2,350,3,5,5,3,2,1,2025-03-23,27,2025-04-06,2025-04-06,2025-04-07,1
25,1,237,1,2,4,1,2,0,,0,2025-11-28,2025-11-30,2025-11-29,0
60,2,406,2,4,6,2,2,0,,0,2026-01-26,2026-01-28,2026-01-27,1
59,0,248,2,3,3,2,2,0,,0,2025-01-21,,2025-01-22,0
63,1,399,2,4,6,3,2,1,2025-02-14,21,2025-02-28,2025-02-28,2025-03-01,1
75,1,376,3,5,6,2,2,0,,0,2025-10-29,2025-10-31,2025-10-30,1
90,3,570,3,7,8,3,1,1,2025-09-23,12,2025-11-08,2025-11-09,2025-11-09,2
23,1,163,2,2,1,2,3,0,,0,2025-10-17,2025-10-18,2025-10-18,0
31,1,170,1,3,3,2,3,0,,0,2025-02-21,2025-02-21,2025-02-22,0
32,0,161,2,4,2,1,3,0,,0,2025-01-25,,2025-01-26,0
36,0,277,1,2,4,1,3,0,,0,2025-11-25,,2025-11-26,0
74,2,371,2,5,7,2,2,1,2025-10-13,25,2025-11-20,2025-11-22,2025-11-21,1
73,2,307,3,4,7,3,2,0,,0,2025-08-28,2025-08-29,2025-08-29,1
78,2,412,2,4,7,2,2,0,,0,2025-07-28,2025-07-30,2025-07-29,1
87,3,487,3,6,10,3,1,1,2025-04-05,21,2025-05-05,2025-05-05,2025-05-06,2
62,2,304,2,4,5,3,2,1,2025-01-31,29,2025-03-26,2025-03-28,2025-03-27,1
80,2,300,3,5,7,3,2,0,,0,2025-09-05,2025-09-05,2025-09-06,1
60,1,416,3,4,7,3,2,0,,0,2025-03-18,2025-03-19,2025-03-19,1
55,1,259,1,4,4,2,3,0,,0,2025-02-02,2025-02-03,2025-02-03,0
87,2,558,3,5,8,3,1,1,2025-01-07,13,2025-02-27,2025-02-27,2025-02-28,2
67,2,365,3,5,7,2,2,0,,0,2025-08-26,2025-08-28,2025-08-27,1
69,1,378,2,5,6,3,2,1,2025-08-02,24,2025-10-01,2025-10-01,2025-10-02,1
89,2,487,3,5,10,3,1,1,2025-06-17,12,2025-07-29,2025-07-29,2025-07-30,2
95,3,558,3,5,8,3,1,1,2025-04-13,27,2025-04-26,2025-04-28,2025-04-27,2
34,0,261,2,4,1,1,2,0,,0,2025-02-15,,2025-02-16,0
94,2,588,3,7,8,3,1,1,2025-11-14,21,2026-01-11,2026-01-12,2026-01-12,2
23,1,238,2,3,1,2,2,0,,0,2025-09-15,2025-09-15,2025-09-16,0
86,3,466,3,6,10,3,1,1,2025-03-14,13,2025-05-03,2025-05-05,2025-05-04,2
73,2,318,2,4,6,2,2,0,,0,2025-05-21,2025-05-23,2025-05-22,1
70,2,408,3,5,6,3,2,1,2025-11-15,10,2025-12-27,2025-12-27,2025-12-28,1
92,2,461,3,5,10,3,1,1,2025-12-28,23,2026-01-12,2026-01-12,2026-01-13,2
87,3,536,3,7,8,3,1,1,2025-02-04,16,2025-02-17,2025-02-18,2025-02-18,2
86,2,593,3,7,9,3,1,1,2025-09-26,30,2025-11-12,2025-11-12,2025-11-13,2
60,1,212,1,3,1,2,3,0,,0,2025-09-18,2025-09-20,2025-09-19,0
41,0,180,1,3,2,2,3,0,,0,2025-08-06,,2025-08-07,0
29,0,199,2,3,1,2,2,0,,0,2025-04-14,,2025-04-15,0
30,0,171,1,3,1,2,2,0,,0,2025-12-17,,2025-12-18,0
48,1,269,2,3,4,1,2,0,,0,2025-04-01,2025-04-03,2025-04-02,0
60,2,382,3,5,6,2,2,0,,0,2025-02-16,2025-02-17,2025-02-17,1
61,2,419,2,5,7,3,2,0,,0,2025-08-04,2025-08-04,2025-08-05,1
80,2,472,3,6,8,3,1,1,2025-10-16,20,2025-11-15,2025-11-16,2025-11-16,2
94,2,523,3,6,8,3,1,1,2024-12-03,11,2025-01-25,2025-01-26,2025-01-26,2
60,0,260,1,3,4,1,3,0,,0,2025-07-20,,2025-07-21,0
52,0,224,1,3,1,1,3,0,,0,2025-10-20,,2025-10-21,0
57,0,233,1,3,2,1,3,0,,0,2025-06-15,,2025-06-16,0
42,1,159,1,2,3,2,2,0,,0,2025-08-02,2025-08-02,2025-08-03,0
79,1,317,3,5,5,2,2,0,,0,2025-12-14,2025-12-15,2025-12-15,1
82,2,597,3,6,9,3,1,1,2025-02-15,12,2025-04-15,2025-04-17,2025-04-16,2
32,0,243,2,4,3,1,2,0,,0,2026-01-29,,2026-01-30,0
65,1,356,3,5,7,2,2,0,,0,2025-04-14,2025-04-14,2025-04-15,1
67,2,335,3,5,5,3,2,1,2025-07-20,13,2025-08-08,2025-08-10,2025-08-09,1
92,3,581,3,5,8,3,1,1,2025-01-11,18,2025-02-16,2025-02-17,2025-02-17,2
82,2,580,3,5,9,3,1,1,2025-09-01,30,2025-10-09,2025-10-09,2025-10-10,2
81,2,496,3,5,10,3,1,1,2025-08-12,28,2025-09-09,2025-09-10,2025-09-10,2
89,3,517,3,7,8,3,1,1,2026-01-20,19,2026-02-05,2026-02-07,2026-02-06,2
84,2,553,3,6,10,3,1,1,2024-12-16,19,2025-01-11,2025-01-12,2025-01-12,2
89,3,521,3,5,10,3,1,1,2025-02-06,19,2025-03-24,2025-03-26,2025-03-25,2
43,0,207,1,2,4,1,2,0,,0,2025-03-19,,2025-03-20,0
56,1,278,1,3,4,2,3,0,,0,2025-08-13,2025-08-13,2025-08-14,0
76,2,366,3,4,7,2,2,1,2025-07-27,10,2025-09-12,2025-09-14,2025-09-13,1
91,3,600,3,6,10,3,1,1,2025-08-04,21,2025-09-13,2025-09-13,2025-09-14,2
30,1,201,2,2,3,2,2,0,,0,2025-02-17,2025-02-18,2025-02-18,0
95,3,470,3,7,9,3,1,1,2025-09-10,22,2025-10-06,2025-10-06,2025-10-07,2
74,2,397,2,5,7,2,2,0,,0,2026-01-16,2026-01-17,2026-01-17,1
59,0,282,1,4,2,1,2,0,,0,2025-02-19,,2025-02-20,0
73,1,376,3,5,6,2,2,0,,0,2025-10-14,2025-10-15,2025-10-15,1
73,1,407,2,4,5,3,2,0,,0,2025-08-21,2025-08-23,2025-08-22,1
54,1,222,1,3,2,2,2,0,,0,2025-02-05,2025-02-07,2025-02-06,0
80,2,490,3,5,9,3,1,1,2024-12-29,29,2025-02-19,2025-02-21,2025-02-20,2
87,3,596,3,7,10,3,1,1,2025-03-25,14,2025-05-24,2025-05-26,2025-05-25,2
41,0,219,1,2,1,2,3,0,,0,2025-06-20,,2025-06-21,0
39,1,271,1,2,1,2,2,0,,0,2025-12-08,2025-12-10,2025-12-09,0
68,1,405,2,4,7,3,2,1,2025-03-06,23,2025-03-30,2025-03-30,2025-03-31,1
82,3,547,3,7,8,3,1,1,2025-10-14,12,2025-11-07,2025-11-09,2025-11-08,2
56,0,225,1,2,2,2,2,0,,0,2025-05-23,,2025-05-24,0
34,1,233,1,4,4,1,2,0,,0,2025-03-13,2025-03-13,2025-03-14,0
82,2,533,3,7,8,3,1,1,2025-07-03,30,2025-08-29,2025-08-29,2025-08-30,2
70,1,337,2,5,5,2,2,1,2025-12-18,29,2026-01-22,2026-01-22,2026-01-23,1
52,1,291,2,3,1,2,3,0,,0,2025-06-09,2025-06-10,2025-06-10,0
60,1,253,1,3,4,1,3,0,,0,2025-07-31,2025-08-02,2025-08-01,0
26,1,264,2,2,4,2,2,0,,0,2025-05-04,2025-05-05,2025-05-05,0
70,2,335,2,4,7,3,2,0,,0,2025-06-12,2025-06-12,2025-06-13,1
74,2,322,2,5,7,3,2,0,,0,2025-10-20,2025-10-21,2025-10-21,1
59,1,235,1,3,2,2,2,0,,0,2025-07-09,2025-07-11,2025-07-10,0
75,2,420,3,4,6,3,2,0,,0,2025-10-29,2025-10-29,2025-10-30,1
73,2,400,2,4,6,2,2,0,,0,2025-04-26,2025-04-27,2025-04-27,1
75,2,402,2,4,5,3,2,0,,0,2025-02-16,2025-02-17,2025-02-17,1
85,3,510,3,6,8,3,1,1,2025-01-30,20,2025-03-24,2025-03-25,2025-03-25,2
87,3,514,3,5,8,3,1,1,2025-10-05,10,2025-10-30,2025-10-31,2025-10-31,2
85,2,580,3,5,10,3,1,1,2025-10-30,19,2025-12-03,2025-12-04,2025-12-04,2
89,2,543,3,6,8,3,1,1,2025-09-02,17,2025-10-03,2025-10-05,2025-10-04,2
49,0,251,1,4,2,2,2,0,,0,2025-03-06,,2025-03-07,0
88,3,484,3,5,10,3,1,1,2025-01-29,26,2025-03-16,2025-03-16,2025-03-17,2
86,3,513,3,7,9,3,1,1,2024-11-13,18,2025-01-07,2025-01-09,2025-01-08,2
42,1,162,1,4,2,2,3,0,,0,2025-05-09,2025-05-11,2025-05-10,0
75,2,323,2,5,6,3,2,1,2025-03-01,15,2025-04-08,2025-04-08,2025-04-09,1
21,0,299,1,3,3,1,2,0,,0,2025-02-24,,2025-02-25,0
70,2,308,3,5,7,3,2,1,2025-10-20,20,2025-11-19,2025-11-19,2025-11-20,1
63,2,319,3,4,6,2,2,1,2025-02-04,21,2025-02-28,2025-03-01,2025-03-01,1
86,3,533,3,5,10,3,1,1,2025-02-26,28,2025-04-24,2025-04-26,2025-04-25,2
87,2,597,3,7,10,3,1,1,2025-11-16,28,2026-01-03,2026-01-05,2026-01-04,2
20,1,233,2,3,3,2,2,0,,0,2025-07-21,2025-07-23,2025-07-22,0
40,1,249,2,4,4,1,3,0,,0,2025-07-05,2025-07-07,2025-07-06,0
88,2,470,3,7,9,3,1,1,2025-03-21,29,2025-04-20,2025-04-20,2025-04-21,2
70,2,347,3,5,7,3,2,1,2025-09-30,18,2025-10-17,2025-10-17,2025-10-18,1
82,2,493,3,6,10,3,1,1,2025-10-12,7,2025-12-05,2025-12-07,2025-12-06,2
61,2,333,2,4,6,3,2,1,2025-11-10,17,2025-12-31,2025-12-31,2026-01-01,1
61,2,391,3,5,5,2,2,1,2024-11-18,29,2025-01-03,2025-01-03,2025-01-04,1
83,3,585,3,6,10,3,1,1,2024-11-11,18,2025-01-09,2025-01-09,2025-01-10,2
23,1,159,1,2,3,2,3,0,,0,2025-07-22,2025-07-24,2025-07-23,0
84,3,551,3,7,10,3,1,1,2024-12-14,12,2025-01-11,2025-01-11,2025-01-12,2
64,1,305,2,5,7,3,2,1,2025-09-04,28,2025-09-20,2025-09-20,2025-09-21,1
20,0,234,1,2,1,2,3,0,,0,2025-03-30,,2025-03-31,0
88,2,503,3,5,8,3,1,1,2024-12-21,18,2025-01-17,2025-01-18,2025-01-18,2
27,1,249,1,4,3,1,3,0,,0,2025-11-15,2025-11-15,2025-11-16,0
80,2,477,3,6,10,3,1,1,2025-04-26,10,2025-06-02,2025-06-03,2025-06-03,2
63,1,326,3,5,5,2,2,1,2025-06-26,17,2025-07-11,2025-07-13,2025-07-12,1
46,1,239,2,3,3,1,2,0,,0,2025-02-20,2025-02-22,2025-02-21,0
83,2,479,3,7,9,3,1,1,2024-12-23,14,2025-02-02,2025-02-03,2025-02-03,2
67,1,385,3,4,5,3,2,1,2024-11-21,10,2025-01-17,2025-01-19,2025-01-18,1
85,3,457,3,6,8,3,1,1,2025-11-08,12,2025-12-03,2025-12-05,2025-12-04,2
71,1,419,2,5,6,2,2,0,,0,2025-08-23,2025-08-23,2025-08-24,1
77,2,319,2,4,7,2,2,1,2025-11-24,16,2025-12-11,2025-12-13,2025-12-12,1
73,2,302,2,4,5,2,2,0,,0,2025-11-25,2025-11-25,2025-11-26,1
57,0,186,1,3,1,1,3,0,,0,2025-11-01,,2025-11-02,0
40,0,153,1,2,3,1,2,0,,0,2025-03-30,,2025-03-31,0
94,2,531,3,5,9,3,1,1,2025-11-01,10,2025-12-06,2025-12-07,2025-12-07,2
43,0,239,2,2,2,2,2,0,,0,2025-07-10,,2025-07-11,0
84,2,496,3,7,9,3,1,1,2026-01-20,26,2026-02-02,2026-02-04,2026-02-03,2
69,2,328,3,4,7,2,2,1,2024-12-29,12,2025-02-17,2025-02-19,2025-02-18,1
87,3,592,3,5,9,3,1,1,2025-11-28,22,2025-12-16,2025-12-16,2025-12-17,2
67,2,362,2,4,7,2,2,0,,0,2026-02-04,2026-02-06,2026-02-05,1
92,2,579,3,5,8,3,1,1,2024-12-19,9,2025-02-14,2025-02-16,2025-02-15,2
93,3,588,3,7,8,3,1,1,2025-11-04,16,2025-12-08,2025-12-10,2025-12-09,2
46,0,160,1,4,2,2,2,0,,0,2025-03-25,,2025-03-26,0
77,1,336,2,5,7,2,2,1,2026-01-04,18,2026-01-26,2026-01-27,2026-01-27,1
90,3,475,3,5,9,3,1,1,2025-02-16,22,2025-03-18,2025-03-18,2025-03-19,2
49,1,206,2,3,2,2,2,0,,0,2025-05-23,2025-05-24,2025-05-24,0
92,2,495,3,5,8,3,1,1,2025-04-02,16,2025-04-15,2025-04-17,2025-04-16,2
44,0,259,1,4,4,2,2,0,,0,2025-12-18,,2025-12-19,0
60,1,159,1,4,4,2,3,0,,0,2025-04-12,2025-04-13,2025-04-13,0
91,3,526,3,7,10,3,1,1,2025-12-16,10,2025-12-29,2025-12-31,2025-12-30,2
74,1,302,3,4,7,2,2,0,,0,2025-12-11,2025-12-12,2025-12-12,1
57,1,217,2,4,1,1,2,0,,0,2025-08-29,2025-08-30,2025-08-30,0
65,1,382,3,5,6,3,2,1,2025-11-15,25,2025-12-06,2025-12-06,2025-12-07,1
80,3,500,3,6,9,3,1,1,2026-01-12,24,2026-02-01,2026-02-02,2026-02-02,2
50,1,198,2,2,2,2,3,0,,0,2025-08-26,2025-08-28,2025-08-27,0
30,1,195,2,2,2,2,3,0,,0,2025-02-22,2025-02-22,2025-02-23,0
86,2,529,3,6,9,3,1,1,2025-05-04,20,2025-06-25,2025-06-26,2025-06-26,2
35,1,198,1,3,4,1,2,0,,0,2025-04-24,2025-04-26,2025-04-25,0
37,1,241,2,3,3,2,2,0,,0,2025-03-08,2025-03-09,2025-03-09,0
84,3,539,3,6,8,3,1,1,2025-02-05,18,2025-03-20,2025-03-21,2025-03-21,2
51,0,180,1,2,1,2,3,0,,0,2025-02-12,,2025-02-13,0
55,1,227,1,2,4,1,3,0,,0,2025-05-30,2025-06-01,2025-05-31,0
68,2,404,2,5,5,3,2,1,2025-12-16,19,2026-01-27,2026-01-28,2026-01-28,1
88,3,511,3,6,8,3,1,1,2025-11-06,20,2025-12-20,2025-12-22,2025-12-21,2
72,2,379,2,5,5,3,2,0,,0,2025-04-03,2025-04-04,2025-04-04,1
80,3,507,3,6,10,3,1,1,2025-05-04,26,2025-05-26,2025-05-26,2025-05-27,2
95,2,554,3,7,8,3,1,1,2025-08-04,22,2025-08-31,2025-09-02,2025-09-01,2
76,2,416,3,4,6,3,2,1,2025-05-17,19,2025-07-07,2025-07-08,2025-07-08,1
85,3,599,3,6,9,3,1,1,2025-06-07,12,2025-07-01,2025-07-02,2025-07-02,2
90,2,504,3,7,9,3,1,1,2024-12-21,18,2025-02-11,2025-02-12,2025-02-12,2
61,1,305,2,4,6,3,2,1,2025-04-09,9,2025-05-02,2025-05-03,2025-05-03,1
37,1,206,1,4,1,1,2,0,,0,2025-11-14,2025-11-15,2025-11-15,0
67,2,418,2,5,6,3,2,1,2025-05-30,11,2025-07-08,2025-07-09,2025-07-09,1
49,0,258,1,4,1,1,3,0,,0,2025-02-12,,2025-02-13,0
81,3,490,3,5,9,3,1,1,2025-04-06,23,2025-04-22,2025-04-23,2025-04-23,2
31,0,179,1,3,3,1,2,0,,0,2025-09-10,,2025-09-11,0
45,1,256,1,4,2,1,2,0,,0,2025-05-07,2025-05-09,2025-05-08,0
72,2,415,2,5,6,3,2,1,2025-09-06,18,2025-10-31,2025-11-02,2025-11-01,1
89,2,557,3,7,8,3,1,1,2025-04-11,8,2025-06-01,2025-06-01,2025-06-02,2
77,2,323,3,5,7,3,2,0,,0,2025-04-17,2025-04-19,2025-04-18,1
85,3,471,3,7,8,3,1,1,2024-12-18,13,2025-02-09,2025-02-09,2025-02-10,2
88,2,487,3,5,10,3,1,1,2025-10-19,30,2025-11-18,2025-11-19,2025-11-19,2
64,1,332,2,5,7,3,2,0,,0,2025-03-24,2025-03-25,2025-03-25,1
31,1,158,1,3,4,1,2,0,,0,2025-01-15,2025-01-16,2025-01-16,0
70,1,371,2,4,5,2,2,0,,0,2025-11-02,2025-11-02,2025-11-03,1
70,2,391,3,4,5,3,2,1,2025-06-01,22,2025-06-13,2025-06-15,2025-06-14,1
45,1,230,2,3,3,2,2,0,,0,2025-04-01,2025-04-03,2025-04-02,0
46,0,168,2,4,3,2,2,0,,0,2025-08-21,,2025-08-22,0
62,1,305,2,5,7,3,2,1,2025-10-03,25,2025-11-24,2025-11-24,2025-11-25,1
31,1,181,1,4,1,2,2,0,,0,2025-11-25,2025-11-26,2025-11-26,0
80,3,524,3,7,8,3,1,1,2024-12-03,21,2025-01-25,2025-01-27,2025-01-26,2
90,3,579,3,7,10,3,1,1,2024-12-01,22,2025-01-25,2025-01-25,2025-01-26,2
64,2,414,2,5,6,3,2,1,2025-12-29,23,2026-02-01,2026-02-02,2026-02-02,1
94,2,490,3,5,8,3,1,1,2024-12-18,16,2025-02-05,2025-02-05,2025-02-06,2
81,2,585,3,6,8,3,1,1,2025-03-26,30,2025-04-23,2025-04-24,2025-04-24,2
41,1,184,2,4,2,2,3,0,,0,2025-10-16,2025-10-16,2025-10-17,0
60,0,278,1,3,3,1,3,0,,0,2025-08-31,,2025-09-01,0
71,1,334,2,5,5,3,2,1,2025-03-07,7,2025-03-20,2025-03-21,2025-03-21,1
30,0,273,1,4,2,1,3,0,,0,2025-11-09,,2025-11-10,0
61,1,313,3,5,7,3,2,0,,0,2025-09-03,2025-09-04,2025-09-04,1
54,1,211,2,3,3,1,2,0,,0,2025-11-02,2025-11-04,2025-11-03,0
77,2,395,2,5,6,3,2,0,,0,2025-05-02,2025-05-03,2025-05-03,1
65,1,388,2,5,6,3,2,0,,0,2025-11-01,2025-11-01,2025-11-02,1
90,2,536,3,7,10,3,1,1,2025-12-04,27,2026-01-02,2026-01-03,2026-01-03,2
40,1,287,1,2,2,1,3,0,,0,2025-09-01,2025-09-03,2025-09-02,0
64,1,364,3,5,7,2,2,1,2025-08-26,24,2025-10-21,2025-10-23,2025-10-22,1
95,2,454,3,7,10,3,1,1,2025-08-18,26,2025-10-09,2025-10-09,2025-10-10,2
42,1,294,1,3,2,2,2,0,,0,2025-04-08,2025-04-10,2025-04-09,0
49,1,190,1,3,4,1,2,0,,0,2025-07-10,2025-07-10,2025-07-11,0
69,2,309,2,4,7,3,2,0,,0,2026-02-01,2026-02-01,2026-02-02,1
93,3,514,3,7,9,3,1,1,2025-02-05,12,2025-02-23,2025-02-23,2025-02-24,2
86,3,538,3,5,10,3,1,1,2024-11-23,29,2025-01-13,2025-01-15,2025-01-14,2
59,0,157,1,2,3,1,2,0,,0,2025-08-08,,2025-08-09,0
67,1,328,3,4,6,2,2,0,,0,2025-10-02,2025-10-02,2025-10-03,1
29,1,264,1,4,4,2,2,0,,0,2025-11-07,2025-11-08,2025-11-08,0
34,0,241,2,2,3,1,2,0,,0,2026-01-16,,2026-01-17,0
90,2,593,3,7,9,3,1,1,2025-07-22,8,2025-08-13,2025-08-13,2025-08-14,2
88,2,473,3,7,8,3,1,1,2025-07-25,27,2025-09-19,2025-09-20,2025-09-20,2
91,3,459,3,6,10,3,1,1,2025-05-09,21,2025-07-01,2025-07-03,2025-07-02,2
89,3,515,3,6,9,3,1,1,2025-04-26,30,2025-06-07,2025-06-08,2025-06-08,2
71,2,300,2,5,5,3,2,1,2025-01-09,12,2025-01-21,2025-01-23,2025-01-22,1
60,1,184,2,4,3,2,3,0,,0,2025-05-02,2025-05-02,2025-05-03,0
65,1,381,2,5,5,3,2,1,2025-08-25,23,2025-10-03,2025-10-04,2025-10-04,1
74,1,403,3,5,7,2,2,1,2025-07-20,18,2025-09-05,2025-09-07,2025-09-06,1
46,1,185,1,2,1,2,2,0,,0,2025-11-21,2025-11-23,2025-11-22,0
73,1,378,2,5,6,2,2,0,,0,2025-10-05,2025-10-06,2025-10-06,1
41,0,287,1,3,1,2,3,0,,0,2025-03-05,,2025-03-06,0
83,2,585,3,7,10,3,1,1,2025-05-03,16,2025-05-22,2025-05-23,2025-05-23,2
74,1,354,2,5,7,2,2,0,,0,2025-06-20,2025-06-22,2025-06-21,1
81,2,453,3,5,10,3,1,1,2025-05-27,17,2025-06-10,2025-06-12,2025-06-11,2
41,1,214,1,2,1,1,3,0,,0,2025-01-01,2025-01-03,2025-01-02,0
43,1,271,2,3,3,1,3,0,,0,2025-03-02,2025-03-04,2025-03-03,0
21,1,151,2,2,3,1,2,0,,0,2025-10-09,2025-10-11,2025-10-10,0
82,2,480,3,6,9,3,1,1,2025-02-06,12,2025-03-17,2025-03-19,2025-03-18,2
71,2,343,2,5,6,2,2,1,2025-09-06,13,2025-10-17,2025-10-17,2025-10-18,1
93,3,484,3,6,8,3,1,1,2024-12-08,8,2025-01-17,2025-01-19,2025-01-18,2
53,0,257,1,4,4,2,3,0,,0,2025-03-22,,2025-03-23,0
51,0,211,2,2,3,2,3,0,,0,2025-01-05,,2025-01-06,0
22,1,235,2,2,3,2,3,0,,0,2025-10-10,2025-10-12,2025-10-11,0
47,1,162,2,2,3,1,2,0,,0,2025-01-11,2025-01-13,2025-01-12,0
87,3,514,3,7,8,3,1,1,2025-06-15,10,2025-07-16,2025-07-17,2025-07-17,2
93,3,537,3,5,10,3,1,1,2025-06-24,29,2025-07-09,2025-07-09,2025-07-10,2
63,2,385,3,4,5,3,2,1,2025-11-17,11,2025-12-31,2026-01-02,2026-01-01,1
91,2,488,3,7,9,3,1,1,2025-03-29,10,2025-04-10,2025-04-11,2025-04-11,2
30,1,291,2,3,1,2,2,0,,0,2025-12-02,2025-12-04,2025-12-03,0
93,3,580,3,6,9,3,1,1,2025-10-10,9,2025-10-24,2025-10-26,2025-10-25,2
39,0,183,2,4,4,1,3,0,,0,2026-01-20,,2026-01-21,0
56,0,177,1,4,4,2,2,0,,0,2025-07-26,,2025-07-27,0
76,2,376,2,4,6,3,2,1,2025-06-17,14,2025-07-11,2025-07-11,2025-07-12,1
51,1,254,2,4,2,2,2,0,,0,2025-07-02,2025-07-04,2025-07-03,0
58,0,187,2,3,4,1,2,0,,0,2025-11-29,,2025-11-30,0
38,1,284,2,2,2,1,3,0,,0,2025-09-16,2025-09-16,2025-09-17,0
81,2,454,3,7,9,3,1,1,2025-12-12,19,2025-12-28,2025-12-29,2025-12-29,2
84,3,489,3,7,8,3,1,1,2025-06-18,18,2025-07-14,2025-07-16,2025-07-15,2
69,1,317,3,5,5,3,2,1,2025-02-06,17,2025-03-20,2025-03-22,2025-03-21,1
84,3,571,3,7,9,3,1,1,2025-05-05,11,2025-06-30,2025-06-30,2025-07-01,2
70,1,339,2,4,6,2,2,1,2025-03-23,24,2025-04-20,2025-04-22,2025-04-21,1
87,2,583,3,5,8,3,1,1,2025-01-07,11,2025-01-27,2025-01-28,2025-01-28,2
80,1,408,3,5,7,2,2,1,2024-12-23,9,2025-01-13,2025-01-15,2025-01-14,1
77,2,331,3,5,6,2,2,1,2025-04-09,18,2025-04-27,2025-04-29,2025-04-28,1
41,1,292,1,3,2,2,3,0,,0,2025-09-21,2025-09-23,2025-09-22,0
88,2,531,3,5,8,3,1,1,2024-11-18,27,2025-01-09,2025-01-10,2025-01-10,2
65,2,313,3,4,5,3,2,0,,0,2025-04-15,2025-04-15,2025-04-16,1
57,0,153,2,2,3,1,2,0,,0,2025-03-11,,2025-03-12,0
85,3,510,3,5,10,3,1,1,2025-02-19,27,2025-04-10,2025-04-11,2025-04-11,2
77,2,375,2,5,5,3,2,0,,0,2026-01-12,2026-01-14,2026-01-13,1
50,0,158,1,4,4,1,3,0,,0,2025-01-18,,2025-01-19,0
66,1,325,3,4,6,3,2,0,,0,2025-11-30,2025-11-30,2025-12-01,1
26,0,249,2,4,2,2,3,0,,0,2025-08-04,,2025-08-05,0
92,2,542,3,6,8,3,1,1,2025-10-23,30,2025-12-13,2025-12-13,2025-12-14,2
93,3,480,3,7,9,3,1,1,2025-10-10,24,2025-10-25,2025-10-27,2025-10-26,2
93,2,579,3,6,9,3,1,1,2025-04-27,16,2025-05-17,2025-05-18,2025-05-18,2
28,0,191,1,4,4,1,3,0,,0,2025-10-14,,2025-10-15,0
59,1,154,1,4,3,2,2,0,,0,2025-09-27,2025-09-28,2025-09-28,0
63,1,412,2,4,5,2,2,1,2025-06-07,8,2025-07-21,2025-07-23,2025-07-22,1
95,3,569,3,6,8,3,1,1,2025-07-23,7,2025-09-15,2025-09-17,2025-09-16,2
76,1,412,2,4,5,2,2,1,2025-03-20,11,2025-04-18,2025-04-18,2025-04-19,1
22,0,270,1,2,3,1,3,0,,0,2026-01-07,,2026-01-08,0
33,0,234,1,2,3,1,3,0,,0,2025-03-10,,2025-03-11,0
30,0,204,1,3,1,1,3,0,,0,2025-02-04,,2025-02-05,0
82,3,517,3,6,8,3,1,1,2025-12-17,7,2026-02-03,2026-02-04,2026-02-04,2
74,1,343,2,5,6,3,2,1,2025-02-03,17,2025-03-28,2025-03-30,2025-03-29,1
46,0,281,1,4,1,2,3,0,,0,2025-06-14,,2025-06-15,0
81,3,573,3,5,8,3,1,1,2025-04-16,11,2025-05-04,2025-05-04,2025-05-05,2
21,1,255,2,4,2,2,3,0,,0,2025-06-25,2025-06-27,2025-06-26,0
94,3,596,3,5,8,3,1,1,2025-01-21,22,2025-02-09,2025-02-09,2025-02-10,2
70,2,406,3,4,5,2,2,0,,0,2025-01-16,2025-01-17,2025-01-17,1
58,0,300,2,2,1,1,3,0,,0,2025-09-11,,2025-09-12,0
81,2,454,3,5,10,3,1,1,2024-11-27,10,2025-01-05,2025-01-05,2025-01-06,2
40,1,199,1,3,3,2,3,0,,0,2025-12-20,2025-12-21,2025-12-21,0
24,1,241,2,3,1,1,3,0,,0,2025-08-22,2025-08-22,2025-08-23,0
73,2,316,3,4,7,2,2,0,,0,2025-05-30,2025-05-30,2025-05-31,1
94,3,596,3,6,10,3,1,1,2025-11-08,11,2025-11-28,2025-11-30,2025-11-29,2
26,1,153,2,4,3,2,3,0,,0,2025-06-03,2025-06-05,2025-06-04,0
68,1,380,2,4,5,2,2,0,,0,2025-09-21,2025-09-22,2025-09-22,1
72,1,402,2,4,6,3,2,1,2025-05-02,26,2025-06-04,2025-06-04,2025-06-05,1
85,2,584,3,6,10,3,1,1,2025-06-27,8,2025-07-27,2025-07-28,2025-07-28,2
41,0,178,1,2,3,2,2,0,,0,2025-04-10,,2025-04-11,0
48,1,172,2,4,4,2,2,0,,0,2025-11-30,2025-12-02,2025-12-01,0
75,2,383,3,5,6,3,2,1,2025-08-04,9,2025-09-30,2025-10-01,2025-10-01,1
66,2,344,2,5,7,3,2,1,2024-12-16,27,2025-01-15,2025-01-15,2025-01-16,1
45,1,251,1,3,1,1,3,0,,0,2025-12-04,2025-12-04,2025-12-05,0
80,2,577,3,6,8,3,1,1,2024-12-13,27,2025-01-03,2025-01-04,2025-01-04,2
76,2,403,2,4,6,2,2,0,,0,2025-01-16,2025-01-16,2025-01-17,1
90,3,495,3,6,8,3,1,1,2025-10-31,8,2025-11-14,2025-11-15,2025-11-15,2
80,2,513,3,6,10,3,1,1,2025-02-24,17,2025-03-19,2025-03-21,2025-03-20,2
71,1,328,3,4,7,3,2,0,,0,2025-11-20,2025-11-21,2025-11-21,1
93,2,532,3,7,9,3,1,1,2025-05-10,18,2025-06-17,2025-06-18,2025-06-18,2
77,1,366,3,5,7,2,2,1,2025-09-21,15,2025-11-17,2025-11-18,2025-11-18,1
43,0,214,2,3,4,2,2,0,,0,2025-07-04,,2025-07-05,0
26,0,269,2,3,1,1,2,0,,0,2025-06-08,,2025-06-09,0
92,2,567,3,6,9,3,1,1,2025-11-17,25,2025-12-24,2025-12-26,2025-12-25,2
78,1,387,2,5,7,3,2,1,2025-08-04,9,2025-08-20,2025-08-21,2025-08-21,1
94,3,541,3,6,8,3,1,1,2025-12-09,14,2026-01-24,2026-01-25,2026-01-25,2
76,2,362,2,4,7,3,2,1,2025-06-21,10,2025-07-22,2025-07-24,2025-07-23,1
87,2,553,3,7,10,3,1,1,2025-08-07,24,2025-09-23,2025-09-23,2025-09-24,2
81,3,590,3,5,8,3,1,1,2025-11-28,24,2025-12-16,2025-12-18,2025-12-17,2
78,1,320,3,4,5,2,2,0,,0,2025-04-15,2025-04-16,2025-04-16,1
85,3,501,3,6,10,3,1,1,2025-03-01,20,2025-03-11,2025-03-13,2025-03-12,2
55,1,296,1,4,2,2,3,0,,0,2025-08-05,2025-08-06,2025-08-06,0
94,2,486,3,6,10,3,1,1,2025-09-01,15,2025-10-01,2025-10-01,2025-10-02,2
84,3,558,3,6,9,3,1,1,2025-11-05,14,2026-01-02,2026-01-04,2026-01-03,2
73,1,398,2,5,6,2,2,1,2025-02-12,18,2025-03-19,2025-03-21,2025-03-20,1
68,2,327,2,5,5,3,2,0,,0,2025-05-12,2025-05-12,2025-05-13,1
64,2,315,3,5,5,3,2,1,2025-09-18,11,2025-10-20,2025-10-21,2025-10-21,1
94,2,596,3,5,10,3,1,1,2025-10-12,14,2025-11-24,2025-11-26,2025-11-25,2
80,2,536,3,7,10,3,1,1,2025-11-15,9,2025-12-25,2025-12-25,2025-12-26,2
34,1,177,2,2,1,1,2,0,,0,2025-04-03,2025-04-05,2025-04-04,0
94,2,565,3,6,9,3,1,1,2025-08-10,30,2025-09-26,2025-09-27,2025-09-27,2
57,0,223,1,2,2,2,2,0,,0,2025-06-27,,2025-06-28,0
52,0,263,1,2,3,2,3,0,,0,2025-11-18,,2025-11-19,0
78,2,407,3,5,7,2,2,0,,0,2025-04-12,2025-04-14,2025-04-13,1
51,0,251,2,4,1,2,3,0,,0,2025-04-21,,2025-04-22,0
71,1,379,3,5,6,3,2,1,2024-12-13,15,2025-01-27,2025-01-29,2025-01-28,1
80,2,551,3,6,8,3,1,1,2025-02-06,18,2025-02-19,2025-02-19,2025-02-20,2
38,1,189,2,2,3,1,3,0,,0,2025-10-21,2025-10-22,2025-10-22,0
60,1,178,2,3,4,1,2,0,,0,2025-01-25,2025-01-27,2025-01-26,0
74,1,386,3,4,6,3,2,0,,0,2025-05-17,2025-05-19,2025-05-18,1
61,1,309,2,4,5,2,2,0,,0,2025-09-16,2025-09-16,2025-09-17,1
26,0,207,1,4,3,2,3,0,,0,2025-12-18,,2025-12-19,0
43,0,235,2,3,4,2,2,0,,0,2026-01-18,,2026-01-19,0
86,3,556,3,5,9,3,1,1,2025-04-02,21,2025-05-06,2025-05-08,2025-05-07,2
70,2,344,2,5,5,2,2,1,2025-06-02,7,2025-07-24,2025-07-24,2025-07-25,1
92,2,514,3,5,8,3,1,1,2025-06-19,19,2025-07-05,2025-07-06,2025-07-06,2
95,3,522,3,7,9,3,1,1,2025-04-21,22,2025-05-25,2025-05-25,2025-05-26,2
85,2,486,3,6,9,3,1,1,2025-06-29,18,2025-08-23,2025-08-25,2025-08-24,2
42,0,298,2,3,3,1,3,0,,0,2025-11-23,,2025-11-24,0
75,1,325,3,4,5,3,2,0,,0,2025-01-02,2025-01-04,2025-01-03,1
91,3,538,3,6,9,3,1,1,2024-12-12,19,2025-01-16,2025-01-18,2025-01-17,2
81,2,505,3,5,9,3,1,1,2024-12-25,7,2025-02-16,2025-02-17,2025-02-17,2
23,1,296,2,2,4,2,2,0,,0,2025-05-18,2025-05-18,2025-05-19,0
73,2,381,2,4,6,2,2,1,2025-01-26,25,2025-03-26,2025-03-28,2025-03-27,1
86,2,580,3,5,8,3,1,1,2025-07-31,15,2025-08-24,2025-08-25,2025-08-25,2
64,2,349,3,5,5,3,2,0,,0,2026-01-01,2026-01-01,2026-01-02,1
81,3,569,3,6,10,3,1,1,2025-01-01,26,2025-02-28,2025-03-02,2025-03-01,2
66,1,318,3,4,7,3,2,0,,0,2025-11-24,2025-11-26,2025-11-25,1
44,0,213,2,3,1,1,2,0,,0,2025-11-17,,2025-11-18,0
70,1,349,2,5,7,3,2,1,2025-09-18,22,2025-11-12,2025-11-12,2025-11-13,1
79,1,371,2,4,6,3,2,0,,0,2025-01-19,2025-01-21,2025-01-20,1
70,1,351,3,5,5,2,2,0,,0,2025-03-06,2025-03-06,2025-03-07,1
82,3,512,3,6,10,3,1,1,2025-11-22,28,2026-01-18,2026-01-18,2026-01-19,2
23,0,160,1,4,1,1,2,0,,0,2025-12-22,,2025-12-23,0
69,1,365,3,4,6,3,2,1,2024-12-25,8,2025-01-06,2025-01-08,2025-01-07,1
20,1,183,1,4,3,1,2,0,,0,2025-02-28,2025-03-01,2025-03-01,0
89,3,585,3,6,8,3,1,1,2025-04-11,25,2025-06-09,2025-06-10,2025-06-10,2
94,2,566,3,6,10,3,1,1,2025-07-15,30,2025-07-31,2025-07-31,2025-08-01,2
54,1,190,1,3,2,1,2,0,,0,2025-08-21,2025-08-21,2025-08-22,0
94,3,576,3,6,10,3,1,1,2025-05-29,21,2025-07-15,2025-07-17,2025-07-16,2
20,0,192,1,2,3,2,3,0,,0,2025-11-17,,2025-11-18,0
33,0,216,1,4,2,2,2,0,,0,2025-11-30,,2025-12-01,0
76,2,313,2,5,7,3,2,1,2025-03-27,22,2025-04-27,2025-04-28,2025-04-28,1
64,2,350,3,4,7,3,2,0,,0,2025-05-24,2025-05-26,2025-05-25,1
79,1,313,2,4,5,3,2,1,2024-11-18,30,2025-01-04,2025-01-06,2025-01-05,1
80,3,594,3,6,8,3,1,1,2025-04-15,20,2025-04-28,2025-04-28,2025-04-29,2
78,1,310,2,5,6,2,2,0,,0,2025-04-14,2025-04-15,2025-04-15,1
35,0,278,2,3,4,1,3,0,,0,2025-09-11,,2025-09-12,0
60,1,223,2,3,3,2,2,0,,0,2026-01-19,2026-01-20,2026-01-20,0
78,1,347,3,4,6,3,2,1,2025-10-02,18,2025-11-23,2025-11-23,2025-11-24,1
87,3,518,3,6,10,3,1,1,2025-10-02,12,2025-11-29,2025-11-29,2025-11-30,2
65,2,350,3,5,7,3,2,1,2025-07-05,20,2025-08-25,2025-08-27,2025-08-26,1
84,3,544,3,6,9,3,1,1,2025-10-20,8,2025-11-11,2025-11-13,2025-11-12,2
46,0,281,2,2,4,1,3,0,,0,2026-01-04,,2026-01-05,0
76,1,334,2,4,5,2,2,0,,0,2025-01-07,2025-01-09,2025-01-08,1
80,3,476,3,6,8,3,1,1,2026-01-03,18,2026-01-21,2026-01-23,2026-01-22,2
20,1,228,1,3,3,1,2,0,,0,2025-11-30,2025-12-02,2025-12-01,0
30,0,275,1,4,3,1,3,0,,0,2025-07-12,,2025-07-13,0
78,2,317,2,5,5,3,2,0,,0,2025-12-13,2025-12-14,2025-12-14,1
64,2,306,3,5,5,3,2,1,2025-06-26,8,2025-08-10,2025-08-11,2025-08-11,1
95,2,549,3,7,8,3,1,1,2025-02-06,28,2025-02-23,2025-02-23,2025-02-24,2
88,3,512,3,6,10,3,1,1,2025-08-18,23,2025-09-11,2025-09-13,2025-09-12,2
36,1,214,1,3,1,1,2,0,,0,2025-05-17,2025-05-17,2025-05-18,0
69,2,369,2,5,7,2,2,0,,0,2025-10-12,2025-10-14,2025-10-13,1
50,0,264,2,2,2,1,2,0,,0,2025-02-02,,2025-02-03,0
62,2,360,3,5,5,2,2,1,2025-12-14,16,2025-12-25,2025-12-26,2025-12-26,1
66,1,306,2,5,5,3,2,1,2025-01-23,14,2025-02-25,2025-02-25,2025-02-26,1
55,0,294,1,2,1,2,3,0,,0,2025-05-08,,2025-05-09,0
93,2,576,3,5,10,3,1,1,2025-10-27,19,2025-11-19,2025-11-21,2025-11-20,2
45,1,231,1,4,1,1,2,0,,0,2025-10-11,2025-10-13,2025-10-12,0
24,0,238,1,2,3,1,3,0,,0,2026-01-13,,2026-01-14,0
84,3,470,3,7,8,3,1,1,2025-08-07,25,2025-09-10,2025-09-11,2025-09-11,2
84,2,457,3,6,9,3,1,1,2024-12-30,13,2025-02-07,2025-02-07,2025-02-08,2
92,2,491,3,6,10,3,1,1,2025-10-06,21,2025-12-05,2025-12-05,2025-12-06,2
80,2,479,3,7,9,3,1,1,2024-12-10,17,2025-01-11,2025-01-13,2025-01-12,2
66,1,390,2,4,7,2,2,0,,0,2025-02-25,2025-02-25,2025-02-26,1
42,1,184,1,4,2,2,3,0,,0,2025-11-07,2025-11-08,2025-11-08,0
25,0,170,2,2,2,2,3,0,,0,2026-01-20,,2026-01-21,0
87,2,590,3,5,10,3,1,1,2024-12-18,17,2025-01-26,2025-01-28,2025-01-27,2
28,1,223,2,4,4,1,2,0,,0,2025-06-20,2025-06-22,2025-06-21,0
37,1,176,1,2,4,1,3,0,,0,2025-03-07,2025-03-07,2025-03-08,0
93,3,491,3,6,9,3,1,1,2025-05-12,11,2025-06-07,2025-06-09,2025-06-08,2
76,2,377,3,5,6,3,2,0,,0,2025-08-28,2025-08-28,2025-08-29,1
88,2,498,3,7,10,3,1,1,2025-09-15,18,2025-11-10,2025-11-10,2025-11-11,2
67,1,376,3,4,7,2,2,0,,0,2026-01-29,2026-01-30,2026-01-30,1
82,3,501,3,6,10,3,1,1,2025-06-28,24,2025-07-21,2025-07-22,2025-07-22,2
65,1,360,2,5,7,2,2,0,,0,2025-06-23,2025-06-25,2025-06-24,1
20,0,202,2,4,4,1,3,0,,0,2025-05-23,,2025-05-24,0
85,3,498,3,6,10,3,1,1,2025-05-15,9,2025-06-23,2025-06-24,2025-06-24,2
91,2,463,3,6,8,3,1,1,2024-12-27,20,2025-02-10,2025-02-12,2025-02-11,2
92,2,470,3,6,9,3,1,1,2024-12-12,29,2025-01-21,2025-01-22,2025-01-22,2
29,0,253,1,4,4,2,2,0,,0,2025-12-29,,2025-12-30,0
94,2,521,3,5,9,3,1,1,2025-05-12,25,2025-06-02,2025-06-04,2025-06-03,2
66,1,304,2,5,5,2,2,0,,0,2025-11-15,2025-11-16,2025-11-16,1
78,2,343,2,4,6,2,2,1,2025-10-19,24,2025-11-01,2025-11-03,2025-11-02,1
71,2,367,3,5,6,3,2,1,2025-07-17,22,2025-08-07,2025-08-08,2025-08-08,1
29,1,236,2,4,2,1,2,0,,0,2025-01-20,2025-01-22,2025-01-21,0
85,3,503,3,6,9,3,1,1,2025-08-02,24,2025-08-16,2025-08-18,2025-08-17,2
94,3,570,3,5,8,3,1,1,2025-11-28,27,2026-01-03,2026-01-05,2026-01-04,2
84,2,460,3,5,9,3,1,1,2025-05-19,8,2025-06-19,2025-06-19,2025-06-20,2
38,0,234,2,2,3,1,2,0,,0,2025-01-14,,2025-01-15,0
63,2,332,3,5,5,3,2,1,2025-01-22,21,2025-02-11,2025-02-13,2025-02-12,1
78,2,385,3,4,7,3,2,0,,0,2025-11-23,2025-11-25,2025-11-24,1
62,1,390,2,4,5,3,2,1,2025-12-13,16,2026-01-29,2026-01-30,2026-01-30,1
78,2,323,3,4,5,3,2,0,,0,2025-12-30,2026-01-01,2025-12-31,1
90,2,473,3,7,8,3,1,1,2025-08-10,24,2025-09-23,2025-09-24,2025-09-24,2
63,2,414,3,4,5,2,2,0,,0,2026-01-08,2026-01-10,2026-01-09,1
79,1,402,2,5,5,3,2,1,2025-01-31,13,2025-03-03,2025-03-03,2025-03-04,1
33,0,292,2,4,4,1,3,0,,0,2025-01-17,,2025-01-18,0
34,1,173,2,2,3,1,2,0,,0,2025-11-05,2025-11-06,2025-11-06,0
60,2,390,2,4,5,3,2,0,,0,2025-01-27,2025-01-27,2025-01-28,1
95,3,463,3,5,8,3,1,1,2025-07-30,17,2025-09-05,2025-09-07,2025-09-06,2
31,0,252,1,2,2,1,2,0,,0,2025-09-11,,2025-09-12,0
55,1,200,1,2,4,1,3,0,,0,2025-01-14,2025-01-14,2025-01-15,0
87,2,455,3,5,10,3,1,1,2025-05-01,28,2025-06-15,2025-06-15,2025-06-16,2
34,1,229,1,3,1,1,3,0,,0,2026-01-21,2026-01-21,2026-01-22,0
65,2,402,2,4,7,2,2,0,,0,2025-09-24,2025-09-24,2025-09-25,1
67,1,302,2,5,5,3,2,0,,0,2025-09-11,2025-09-12,2025-09-12,1
62,2,374,2,4,6,3,2,0,,0,2025-07-18,2025-07-19,2025-07-19,1
75,1,386,3,4,6,2,2,0,,0,2025-12-23,2025-12-24,2025-12-24,1
84,2,503,3,6,9,3,1,1,2025-10-29,13,2025-11-18,2025-11-19,2025-11-19,2
34,1,275,2,4,4,2,3,0,,0,2025-07-28,2025-07-30,2025-07-29,0
95,2,538,3,7,8,3,1,1,2025-07-08,14,2025-08-05,2025-08-06,2025-08-06,2
83,3,593,3,5,8,3,1,1,2025-12-07,11,2025-12-29,2025-12-29,2025-12-30,2
68,1,368,2,5,6,3,2,1,2025-02-28,27,2025-03-27,2025-03-29,2025-03-28,1
65,2,312,2,4,6,3,2,0,,0,2026-01-07,2026-01-08,2026-01-08,1
68,1,356,2,5,5,2,2,0,,0,2026-01-18,2026-01-19,2026-01-19,1
70,2,304,2,4,5,2,2,1,2025-06-09,15,2025-07-25,2025-07-25,2025-07-26,1
75,2,400,3,4,7,3,2,1,2024-12-31,20,2025-02-22,2025-02-23,2025-02-23,1
87,3,594,3,7,9,3,1,1,2025-02-13,22,2025-04-11,2025-04-12,2025-04-12,2
94,3,537,3,5,10,3,1,1,2025-11-06,19,2025-12-09,2025-12-09,2025-12-10,2
61,1,307,3,4,5,2,2,1,2025-10-04,16,2025-10-24,2025-10-24,2025-10-25,1
72,2,419,2,5,5,3,2,1,2025-05-03,9,2025-05-27,2025-05-27,2025-05-28,1
74,2,360,3,4,5,3,2,0,,0,2026-01-01,2026-01-01,2026-01-02,1
41,0,231,1,4,1,1,2,0,,0,2025-04-23,,2025-04-24,0
63,2,353,2,4,6,3,2,0,,0,2025-02-17,2025-02-18,2025-02-18,1
85,3,502,3,7,9,3,1,1,2025-05-17,20,2025-06-10,2025-06-10,2025-06-11,2
75,1,409,3,4,6,3,2,0,,0,2025-03-12,2025-03-13,2025-03-13,1
88,3,475,3,7,10,3,1,1,2025-06-05,11,2025-07-08,2025-07-10,2025-07-09,2
40,0,259,1,4,2,2,3,0,,0,2026-01-15,,2026-01-16,0
41,0,243,1,3,3,2,3,0,,0,2025-07-27,,2025-07-28,0
64,1,364,3,5,7,3,2,1,2025-04-11,21,2025-05-26,2025-05-27,2025-05-27,1
33,0,283,1,4,3,1,3,0,,0,2025-06-15,,2025-06-16,0
64,2,374,2,4,5,3,2,1,2024-11-26,16,2025-01-25,2025-01-25,2025-01-26,1
67,1,398,3,5,6,2,2,1,2025-08-04,26,2025-09-22,2025-09-22,2025-09-23,1
20,1,162,2,4,2,2,2,0,,0,2025-06-30,2025-06-30,2025-07-01,0
77,1,372,3,4,7,3,2,0,,0,2025-01-15,2025-01-15,2025-01-16,1
75,1,382,3,4,5,2,2,0,,0,2025-06-10,2025-06-12,2025-06-11,1
75,1,379,3,4,7,3,2,1,2025-06-27,26,2025-08-11,2025-08-11,2025-08-12,1
78,1,309,3,5,7,2,2,1,2025-07-11,17,2025-08-23,2025-08-23,2025-08-24,1
29,0,268,2,2,1,2,2,0,,0,2025-12-03,,2025-12-04,0
56,1,169,2,3,1,1,3,0,,0,2025-07-28,2025-07-30,2025-07-29,0
85,3,520,3,6,8,3,1,1,2025-08-20,24,2025-09-22,2025-09-22,2025-09-23,2
68,2,377,3,5,7,3,2,0,,0,2025-05-23,2025-05-25,2025-05-24,1
47,1,236,1,3,3,1,3,0,,0,2025-04-24,2025-04-25,2025-04-25,0
61,2,343,2,4,7,2,2,1,2026-01-01,15,2026-01-24,2026-01-26,2026-01-25,1
49,0,282,1,2,3,2,3,0,,0,2026-01-23,,2026-01-24,0
95,3,515,3,6,10,3,1,1,2025-06-28,9,2025-08-12,2025-08-14,2025-08-13,2
60,0,220,1,2,1,1,3,0,,0,2025-02-20,,2025-02-21,0
23,0,258,2,2,1,2,3,0,,0,2026-01-30,,2026-01-31,0
45,0,157,2,3,1,2,3,0,,0,2025-02-27,,2025-02-28,0
86,2,518,3,6,8,3,1,1,2025-01-04,16,2025-02-21,2025-02-21,2025-02-22,2
95,3,505,3,5,10,3,1,1,2025-03-08,22,2025-03-25,2025-03-26,2025-03-26,2
64,1,355,3,4,6,3,2,1,2025-12-16,12,2026-01-29,2026-01-31,2026-01-30,1
82,2,520,3,6,8,3,1,1,2025-12-22,25,2026-01-05,2026-01-06,2026-01-06,2
84,2,512,3,5,9,3,1,1,2025-01-12,9,2025-03-05,2025-03-07,2025-03-06,2
36,1,279,2,3,3,1,3,0,,0,2025-05-10,2025-05-10,2025-05-11,0
92,2,460,3,6,9,3,1,1,2025-11-22,19,2025-12-24,2025-12-24,2025-12-25,2
82,3,560,3,5,8,3,1,1,2025-10-03,14,2025-11-16,2025-11-18,2025-11-17,2
93,3,559,3,5,8,3,1,1,2025-11-26,25,2025-12-24,2025-12-24,2025-12-25,2
78,2,305,2,4,5,3,2,1,2025-07-26,24,2025-08-24,2025-08-24,2025-08-25,1
86,2,489,3,7,10,3,1,1,2025-02-15,19,2025-03-02,2025-03-03,2025-03-03,2
69,2,331,3,5,6,3,2,0,,0,2025-07-23,2025-07-25,2025-07-24,1
78,1,387,2,4,7,2,2,0,,0,2025-08-16,2025-08-16,2025-08-17,1
53,1,187,2,2,3,2,3,0,,0,2025-03-30,2025-03-30,2025-03-31,0
76,1,374,3,4,6,2,2,1,2025-02-10,21,2025-04-09,2025-04-10,2025-04-10,1
77,1,364,3,5,5,3,2,1,2025-12-06,29,2026-01-15,2026-01-15,2026-01-16,1
93,3,490,3,7,8,3,1,1,2025-12-22,13,2026-02-01,2026-02-03,2026-02-02,2
70,1,323,2,4,7,3,2,1,2025-12-25,17,2026-01-26,2026-01-27,2026-01-27,1
25,0,263,1,4,2,2,3,0,,0,2025-11-30,,2025-12-01,0
89,3,545,3,6,8,3,1,1,2025-06-06,20,2025-07-13,2025-07-13,2025-07-14,2
84,3,544,3,5,8,3,1,1,2025-09-21,16,2025-11-05,2025-11-06,2025-11-06,2
34,0,214,1,4,4,1,2,0,,0,2025-02-05,,2025-02-06,0
83,2,528,3,6,10,3,1,1,2025-09-15,25,2025-10-12,2025-10-13,2025-10-13,2
91,3,534,3,7,9,3,1,1,2025-06-22,28,2025-07-23,2025-07-24,2025-07-24,2
56,0,279,2,2,2,2,3,0,,0,2025-07-29,,2025-07-30,0
85,2,457,3,5,10,3,1,1,2025-06-28,22,2025-08-03,2025-08-04,2025-08-04,2
29,1,172,2,3,2,1,3,0,,0,2025-08-30,2025-08-30,2025-08-31,0
31,0,292,2,4,2,1,2,0,,0,2025-07-10,,2025-07-11,0
47,1,267,2,3,4,1,2,0,,0,2025-12-19,2025-12-19,2025-12-20,0
80,2,480,3,5,10,3,1,1,2026-01-15,8,2026-02-01,2026-02-02,2026-02-02,2
71,2,372,3,5,6,2,2,1,2025-04-11,22,2025-04-27,2025-04-28,2025-04-28,1
67,2,415,2,5,7,3,2,0,,0,2025-02-03,2025-02-03,2025-02-04,1
54,0,254,2,2,4,1,3,0,,0,2025-09-07,,2025-09-08,0
79,1,398,2,5,7,3,2,0,,0,2025-01-18,2025-01-19,2025-01-19,1
56,1,194,2,2,4,1,2,0,,0,2025-05-25,2025-05-25,2025-05-26,0
94,2,545,3,6,8,3,1,1,2025-06-30,10,2025-08-16,2025-08-17,2025-08-17,2
78,2,385,2,5,6,3,2,0,,0,2025-05-24,2025-05-25,2025-05-25,1
88,3,555,3,5,8,3,1,1,2025-02-28,23,2025-04-12,2025-04-14,2025-04-13,2
93,2,561,3,7,8,3,1,1,2025-04-19,20,2025-06-10,2025-06-11,2025-06-11,2
87,3,554,3,7,9,3,1,1,2025-06-03,17,2025-07-19,2025-07-19,2025-07-20,2
41,1,213,1,4,4,2,3,0,,0,2025-02-27,2025-02-27,2025-02-28,0
52,1,264,1,4,4,2,2,0,,0,2025-12-18,2025-12-19,2025-12-19,0
85,3,457,3,6,8,3,1,1,2025-05-10,7,2025-05-30,2025-05-30,2025-05-31,2
90,2,461,3,5,9,3,1,1,2025-12-11,28,2026-01-01,2026-01-03,2026-01-02,2
62,1,414,2,5,7,3,2,0,,0,2025-10-20,2025-10-20,2025-10-21,1
75,2,385,3,4,7,3,2,0,,0,2025-12-28,2025-12-28,2025-12-29,1
83,2,490,3,6,10,3,1,1,2025-01-31,23,2025-03-26,2025-03-27,2025-03-27,2
84,2,506,3,6,10,3,1,1,2025-10-11,23,2025-10-30,2025-10-30,2025-10-31,2
86,2,470,3,7,10,3,1,1,2025-04-25,13,2025-05-25,2025-05-26,2025-05-26,2
90,2,498,3,5,8,3,1,1,2025-06-20,14,2025-08-02,2025-08-04,2025-08-03,2
44,1,289,1,3,3,2,2,0,,0,2025-01-17,2025-01-19,2025-01-18,0
67,1,343,2,4,5,3,2,0,,0,2025-08-03,2025-08-03,2025-08-04,1
69,2,367,3,5,6,2,2,1,2025-11-19,18,2025-12-31,2025-12-31,2026-01-01,1
48,0,159,1,4,2,2,2,0,,0,2025-12-09,,2025-12-10,0
84,2,452,3,6,8,3,1,1,2025-05-01,27,2025-05-31,2025-06-01,2025-06-01,2
64,2,417,2,4,7,3,2,0,,0,2025-07-13,2025-07-15,2025-07-14,1
84,2,577,3,5,9,3,1,1,2025-03-12,30,2025-04-10,2025-04-11,2025-04-11,2
66,2,398,3,4,7,2,2,1,2025-06-15,23,2025-06-27,2025-06-27,2025-06-28,1
23,0,158,1,2,4,1,3,0,,0,2025-07-04,,2025-07-05,0
75,2,320,3,4,7,3,2,1,2025-06-26,16,2025-07-30,2025-07-30,2025-07-31,1
37,1,205,2,3,4,1,2,0,,0,2025-06-21,2025-06-21,2025-06-22,0
93,3,539,3,6,8,3,1,1,2025-02-12,16,2025-03-28,2025-03-28,2025-03-29,2
88,3,523,3,7,8,3,1,1,2025-03-23,13,2025-04-29,2025-04-29,2025-04-30,2
76,2,416,3,5,7,3,2,0,,0,2025-10-29,2025-10-31,2025-10-30,1
95,3,472,3,7,9,3,1,1,2025-07-27,8,2025-08-07,2025-08-07,2025-08-08,2
52,1,231,2,2,1,1,3,0,,0,2025-09-27,2025-09-28,2025-09-28,0
85,2,486,3,6,8,3,1,1,2025-04-26,10,2025-06-23,2025-06-24,2025-06-24,2
80,3,554,3,7,10,3,1,1,2025-08-26,7,2025-09-29,2025-09-29,2025-09-30,2
50,1,289,2,4,2,2,3,0,,0,2025-01-17,2025-01-18,2025-01-18,0
78,1,343,2,4,6,2,2,1,2025-07-23,10,2025-08-07,2025-08-09,2025-08-08,1
87,2,564,3,6,9,3,1,1,2025-03-20,24,2025-04-28,2025-04-28,2025-04-29,2
76,1,394,3,4,5,3,2,0,,0,2025-05-04,2025-05-05,2025-05-05,1
93,3,537,3,7,9,3,1,1,2024-11-21,7,2025-01-02,2025-01-04,2025-01-03,2
46,0,208,1,3,3,1,3,0,,0,2025-02-24,,2025-02-25,0
58,1,236,1,4,2,1,3,0,,0,2025-04-15,2025-04-16,2025-04-16,0
83,2,532,3,6,8,3,1,1,2025-07-02,23,2025-08-06,2025-08-08,2025-08-07,2
87,3,581,3,6,9,3,1,1,2025-10-08,22,2025-11-01,2025-11-02,2025-11-02,2
31,0,293,2,3,4,2,3,0,,0,2025-01-05,,2025-01-06,0
29,1,231,1,3,1,2,2,0,,0,2026-01-12,2026-01-14,2026-01-13,0
90,2,468,3,5,8,3,1,1,2025-06-07,11,2025-07-15,2025-07-17,2025-07-16,2
44,0,194,2,2,1,2,2,0,,0,2025-06-03,,2025-06-04,0
20,1,262,1,3,2,1,2,0,,0,2026-01-25,2026-01-26,2026-01-26,0
85,2,574,3,5,8,3,1,1,2024-11-15,26,2025-01-14,2025-01-16,2025-01-15,2
85,3,544,3,7,9,3,1,1,2025-01-25,18,2025-03-12,2025-03-12,2025-03-13,2
91,2,501,3,5,8,3,1,1,2025-12-02,20,2026-01-31,2026-02-02,2026-02-01,2
54,0,268,1,4,1,1,2,0,,0,2025-04-05,,2025-04-06,0
28,0,180,1,4,2,1,2,0,,0,2025-04-02,,2025-04-03,0
77,1,350,2,5,5,3,2,0,,0,2025-01-27,2025-01-27,2025-01-28,1
44,0,268,2,2,2,2,2,0,,0,2025-02-10,,2025-02-11,0
72,2,407,3,4,5,3,2,0,,0,2025-02-17,2025-02-17,2025-02-18,1
90,3,479,3,7,10,3,1,1,2025-06-25,17,2025-07-19,2025-07-21,2025-07-20,2
93,2,462,3,7,10,3,1,1,2025-11-19,24,2026-01-15,2026-01-15,2026-01-16,2
71,2,349,3,4,6,3,2,1,2025-10-25,13,2025-11-08,2025-11-10,2025-11-09,1
28,1,259,2,4,1,2,2,0,,0,2025-09-20,2025-09-20,2025-09-21,0
91,2,488,3,5,10,3,1,1,2024-12-29,20,2025-02-09,2025-02-11,2025-02-10,2
95,3,450,3,5,9,3,1,1,2025-07-23,13,2025-09-20,2025-09-20,2025-09-21,2
74,1,418,2,4,7,2,2,1,2025-09-29,27,2025-10-16,2025-10-17,2025-10-17,1
83,3,504,3,5,9,3,1,1,2025-11-20,21,2025-12-23,2025-12-23,2025-12-24,2
77,2,395,3,5,6,2,2,1,2024-12-13,16,2025-02-08,2025-02-10,2025-02-09,1
54,0,194,2,2,4,2,2,0,,0,2025-03-02,,2025-03-03,0
24,0,243,2,3,2,1,2,0,,0,2025-10-21,,2025-10-22,0
95,3,512,3,6,10,3,1,1,2025-06-12,21,2025-07-12,2025-07-13,2025-07-13,2
26,0,204,2,3,1,1,3,0,,0,2025-09-02,,2025-09-03,0
78,2,332,3,5,6,3,2,1,2025-04-07,20,2025-05-17,2025-05-18,2025-05-18,1
61,2,305,2,4,6,3,2,0,,0,2025-02-21,2025-02-23,2025-02-22,1
90,2,571,3,5,9,3,1,1,2025-04-29,27,2025-06-11,2025-06-13,2025-06-12,2
90,3,597,3,5,9,3,1,1,2025-09-07,29,2025-10-23,2025-10-25,2025-10-24,2
25,1,208,2,2,4,1,3,0,,0,2025-01-21,2025-01-23,2025-01-22,0
63,2,386,2,4,7,2,2,0,,0,2025-09-16,2025-09-18,2025-09-17,1
80,1,347,2,5,6,3,2,1,2025-02-26,21,2025-04-21,2025-04-22,2025-04-22,1
62,2,371,2,4,7,2,2,1,2025-03-05,23,2025-04-01,2025-04-03,2025-04-02,1
72,1,417,2,4,6,3,2,0,,0,2025-05-12,2025-05-12,2025-05-13,1
90,3,572,3,7,10,3,1,1,2025-10-21,24,2025-11-08,2025-11-08,2025-11-09,2
65,1,350,2,5,5,3,2,1,2025-04-06,8,2025-05-16,2025-05-16,2025-05-17,1
45,0,207,2,3,1,1,2,0,,0,2025-09-03,,2025-09-04,0
51,0,161,2,2,3,1,3,0,,0,2025-11-07,,2025-11-08,0
30,1,235,2,3,1,1,3,0,,0,2025-11-22,2025-11-24,2025-11-23,0
87,2,521,3,6,8,3,1,1,2025-11-12,29,2025-12-10,2025-12-12,2025-12-11,2
65,2,313,2,4,6,3,2,1,2025-08-28,13,2025-10-03,2025-10-05,2025-10-04,1
86,3,457,3,6,10,3,1,1,2025-06-26,29,2025-08-09,2025-08-09,2025-08-10,2
40,1,267,2,4,2,2,3,0,,0,2025-03-22,2025-03-24,2025-03-23,0
28,0,152,1,4,4,1,3,0,,0,2025-10-25,,2025-10-26,0
20,1,206,2,2,4,1,2,0,,0,2025-05-08,2025-05-10,2025-05-09,0
85,2,577,3,5,9,3,1,1,2025-03-10,12,2025-04-19,2025-04-21,2025-04-20,2
89,2,477,3,7,10,3,1,1,2025-10-06,17,2025-11-01,2025-11-03,2025-11-02,2
87,3,496,3,5,10,3,1,1,2025-07-28,20,2025-09-19,2025-09-21,2025-09-20,2
66,1,326,3,4,6,3,2,1,2026-01-05,20,2026-02-03,2026-02-05,2026-02-04,1
22,0,263,2,3,1,2,2,0,,0,2025-03-18,,2025-03-19,0
65,2,364,2,5,5,2,2,0,,0,2025-08-16,2025-08-16,2025-08-17,1
64,2,385,2,5,5,2,2,1,2025-05-06,23,2025-07-05,2025-07-05,2025-07-06,1
95,3,580,3,6,9,3,1,1,2025-03-23,14,2025-04-18,2025-04-18,2025-04-19,2
27,0,186,2,3,3,2,3,0,,0,2025-03-21,,2025-03-22,0
68,2,374,3,4,6,3,2,1,2025-11-04,9,2025-11-29,2025-12-01,2025-11-30,1
57,1,156,1,3,2,2,3,0,,0,2025-06-05,2025-06-07,2025-06-06,0
25,0,265,1,3,1,2,3,0,,0,2026-01-26,,2026-01-27,0
63,2,365,3,4,7,3,2,0,,0,2025-09-04,2025-09-04,2025-09-05,1
33,0,239,1,2,1,2,3,0,,0,2025-07-06,,2025-07-07,0
54,1,254,2,2,2,2,3,0,,0,2025-09-29,2025-09-29,2025-09-30,0
80,2,315,3,5,5,2,2,0,,0,2025-06-17,2025-06-19,2025-06-18,1
64,2,366,2,4,6,2,2,0,,0,2025-12-20,2025-12-20,2025-12-21,1
84,3,458,3,7,8,3,1,1,2025-04-23,19,2025-06-07,2025-06-09,2025-06-08,2
77,2,371,3,5,5,3,2,1,2025-09-08,21,2025-10-15,2025-10-16,2025-10-16,1
95,3,560,3,5,9,3,1,1,2025-07-14,26,2025-08-29,2025-08-31,2025-08-30,2
85,2,593,3,6,9,3,1,1,2025-03-23,30,2025-04-12,2025-04-12,2025-04-13,2
40,1,161,1,2,4,2,3,0,,0,2025-09-05,2025-09-07,2025-09-06,0
89,3,484,3,5,10,3,1,1,2025-08-19,9,2025-10-04,2025-10-04,2025-10-05,2
95,2,552,3,5,10,3,1,1,2025-07-05,27,2025-08-26,2025-08-26,2025-08-27,2
48,0,237,2,4,4,2,3,0,,0,2025-02-12,,2025-02-13,0
74,1,330,3,4,5,2,2,0,,0,2025-10-22,2025-10-23,2025-10-23,1
76,1,304,2,4,6,3,2,0,,0,2025-08-12,2025-08-14,2025-08-13,1
72,1,381,2,5,7,3,2,1,2025-11-26,29,2025-12-11,2025-12-11,2025-12-12,1
72,2,384,3,4,7,3,2,1,2025-02-24,20,2025-03-08,2025-03-09,2025-03-09,1
50,0,171,2,2,1,1,2,0,,0,2025-12-14,,2025-12-15,0
60,2,394,2,5,6,2,2,0,,0,2025-01-01,2025-01-03,2025-01-02,1
55,1,263,1,4,4,1,3,0,,0,2025-02-22,2025-02-24,2025-02-23,0
28,1,175,2,4,3,2,3,0,,0,2025-09-26,2025-09-27,2025-09-27,0
24,1,192,2,4,2,1,2,0,,0,2025-06-12,2025-06-14,2025-06-13,0
63,1,407,2,5,6,2,2,0,,0,2025-10-30,2025-10-30,2025-10-31,1
84,2,587,3,6,8,3,1,1,2025-08-28,8,2025-09-13,2025-09-13,2025-09-14,2
68,2,339,3,4,5,2,2,1,2025-10-29,29,2025-12-08,2025-12-09,2025-12-09,1
39,1,204,1,2,1,1,3,0,,0,2025-01-06,2025-01-06,2025-01-07,0
84,3,590,3,5,9,3,1,1,2025-02-24,13,2025-04-09,2025-04-10,2025-04-10,2
47,0,284,2,4,1,2,3,0,,0,2025-07-11,,2025-07-12,0
69,1,357,2,5,7,2,2,0,,0,2025-06-09,2025-06-09,2025-06-10,1
67,1,332,3,5,6,2,2,0,,0,2025-02-01,2025-02-01,2025-02-02,1
49,1,284,1,3,1,1,2,0,,0,2025-08-12,2025-08-13,2025-08-13,0
86,2,534,3,6,9,3,1,1,2025-10-21,7,2025-11-10,2025-11-10,2025-11-11,2
72,1,314,3,4,7,3,2,0,,0,2025-09-21,2025-09-23,2025-09-22,1
33,0,268,2,3,3,2,3,0,,0,2026-01-23,,2026-01-24,0
62,1,318,2,5,6,3,2,0,,0,2025-04-16,2025-04-16,2025-04-17,1
80,1,365,2,4,5,2,2,0,,0,2025-04-29,2025-05-01,2025-04-30,1
77,2,315,2,4,5,3,2,0,,0,2025-01-21,2025-01-21,2025-01-22,1
74,1,323,2,5,7,3,2,1,2025-04-14,24,2025-06-03,2025-06-04,2025-06-04,1
84,3,592,3,5,9,3,1,1,2025-05-03,17,2025-06-04,2025-06-05,2025-06-05,2
44,1,170,2,4,4,1,2,0,,0,2025-06-28,2025-06-28,2025-06-29,0
42,1,235,1,4,3,1,2,0,,0,2025-08-13,2025-08-15,2025-08-14,0
68,1,420,2,5,7,3,2,0,,0,2026-01-18,2026-01-18,2026-01-19,1
64,2,399,2,4,6,3,2,1,2025-03-20,13,2025-05-02,2025-05-03,2025-05-03,1
35,0,215,1,3,4,2,3,0,,0,2025-06-12,,2025-06-13,0
40,0,250,1,3,4,2,3,0,,0,2025-07-19,,2025-07-20,0
28,1,296,1,2,1,2,2,0,,0,2026-01-05,2026-01-07,2026-01-06,0
28,1,175,2,4,2,1,2,0,,0,2025-01-22,2025-01-23,2025-01-23,0
70,1,395,2,5,7,2,2,1,2025-10-27,17,2025-11-13,2025-11-13,2025-11-14,1
30,1,229,2,4,4,2,3,0,,0,2025-09-15,2025-09-17,2025-09-16,0
85,3,457,3,5,8,3,1,1,2025-03-29,16,2025-05-22,2025-05-22,2025-05-23,2
65,1,342,3,5,5,3,2,1,2025-10-23,12,2025-12-05,2025-12-05,2025-12-06,1
69,1,400,3,5,6,2,2,0,,0,2025-01-04,2025-01-04,2025-01-05,1
81,2,456,3,7,8,3,1,1,2024-12-30,7,2025-02-21,2025-02-22,2025-02-22,2
80,2,489,3,7,10,3,1,1,2025-02-25,29,2025-04-26,2025-04-28,2025-04-27,2
94,3,585,3,7,10,3,1,1,2025-07-19,17,2025-09-12,2025-09-14,2025-09-13,2
54,0,268,1,4,4,2,3,0,,0,2025-02-20,,2025-02-21,0
69,1,317,2,4,6,3,2,0,,0,2025-01-21,2025-01-22,2025-01-22,1
69,2,405,3,4,6,2,2,0,,0,2025-11-07,2025-11-07,2025-11-08,1
74,1,325,3,4,5,3,2,1,2025-08-06,27,2025-09-16,2025-09-18,2025-09-17,1
88,3,547,3,7,10,3,1,1,2025-04-21,11,2025-05-17,2025-05-17,2025-05-18,2
92,2,461,3,7,9,3,1,1,2025-06-01,29,2025-06-26,2025-06-28,2025-06-27,2
85,3,513,3,6,9,3,1,1,2025-12-11,9,2026-01-07,2026-01-08,2026-01-08,2
92,3,466,3,7,10,3,1,1,2025-12-21,22,2026-01-17,2026-01-18,2026-01-18,2
62,2,383,2,5,6,2,2,0,,0,2025-06-05,2025-06-06,2025-06-06,1
63,1,346,3,5,6,2,2,0,,0,2026-01-03,2026-01-05,2026-01-04,1
82,2,599,3,7,8,3,1,1,2025-01-31,17,2025-03-12,2025-03-14,2025-03-13,2
92,3,470,3,7,10,3,1,1,2025-08-29,28,2025-10-09,2025-10-11,2025-10-10,2
61,1,311,3,5,7,2,2,1,2025-05-18,13,2025-06-09,2025-06-09,2025-06-10,1
67,1,400,3,5,7,2,2,1,2025-06-25,19,2025-07-26,2025-07-27,2025-07-27,1
40,1,165,1,2,1,2,3,0,,0,2025-01-21,2025-01-21,2025-01-22,0
31,1,178,1,2,3,2,3,0,,0,2025-07-16,2025-07-16,2025-07-17,0
49,1,289,1,2,1,1,2,0,,0,2025-09-23,2025-09-25,2025-09-24,0
85,2,453,3,7,10,3,1,1,2025-03-30,22,2025-05-10,2025-05-12,2025-05-11,2
47,0,161,2,3,3,1,2,0,,0,2025-03-08,,2025-03-09,0
62,1,335,2,5,6,2,2,1,2025-11-13,7,2026-01-07,2026-01-09,2026-01-08,1
20,0,273,2,3,2,2,3,0,,0,2025-06-26,,2025-06-27,0
78,1,356,3,4,5,2,2,1,2025-04-12,30,2025-05-09,2025-05-09,2025-05-10,1
62,1,354,3,5,7,2,2,1,2025-12-06,7,2026-01-18,2026-01-20,2026-01-19,1
29,1,186,1,2,2,2,2,0,,0,2025-03-25,2025-03-27,2025-03-26,0
49,1,174,1,4,2,1,2,0,,0,2025-09-20,2025-09-22,2025-09-21,0
60,2,363,2,5,5,2,2,1,2025-03-14,8,2025-04-16,2025-04-18,2025-04-17,1
64,1,339,3,4,6,3,2,0,,0,2025-06-08,2025-06-09,2025-06-09,1
60,1,284,1,4,1,2,2,0,,0,2025-07-19,2025-07-20,2025-07-20,0
80,3,543,3,6,10,3,1,1,2025-07-20,13,2025-09-14,2025-09-16,2025-09-15,2
76,1,369,3,5,6,3,2,1,2025-10-04,27,2025-10-18,2025-10-20,2025-10-19,1
72,1,308,2,5,7,2,2,1,2025-10-28,27,2025-11-20,2025-11-20,2025-11-21,1
80,2,346,2,4,5,2,2,1,2025-04-18,22,2025-06-02,2025-06-02,2025-06-03,1
33,1,248,2,2,3,1,3,0,,0,2025-07-29,2025-07-30,2025-07-30,0
67,2,376,2,4,6,2,2,0,,0,2025-06-07,2025-06-09,2025-06-08,1
77,2,413,3,4,6,3,2,0,,0,2025-09-05,2025-09-06,2025-09-06,1
94,2,510,3,7,10,3,1,1,2025-04-02,30,2025-05-06,2025-05-07,2025-05-07,2
93,2,463,3,7,10,3,1,1,2024-11-24,28,2025-01-21,2025-01-21,2025-01-22,2
30,1,231,2,3,2,1,3,0,,0,2025-11-14,2025-11-15,2025-11-15,0
67,1,343,3,5,5,3,2,1,2025-10-31,7,2025-11-12,2025-11-12,2025-11-13,1
73,1,305,2,4,6,2,2,0,,0,2025-01-12,2025-01-12,2025-01-13,1
60,2,323,2,4,5,3,2,1,2025-06-30,22,2025-07-20,2025-07-20,2025-07-21,1
80,2,416,3,5,6,3,2,0,,0,2025-01-23,2025-01-23,2025-01-24,1
79,1,306,2,4,7,3,2,0,,0,2025-06-05,2025-06-06,2025-06-06,1
78,2,351,2,5,7,2,2,1,2025-07-20,17,2025-08-31,2025-09-01,2025-09-01,1
89,3,574,3,7,10,3,1,1,2025-06-03,24,2025-07-11,2025-07-12,2025-07-12,2
94,3,586,3,6,10,3,1,1,2025-12-21,21,2026-01-13,2026-01-13,2026-01-14,2
86,3,468,3,6,8,3,1,1,2024-11-22,30,2025-01-09,2025-01-10,2025-01-10,2
77,1,402,2,4,5,2,2,0,,0,2025-10-08,2025-10-09,2025-10-09,1
64,2,401,2,4,6,2,2,0,,0,2026-01-08,2026-01-10,2026-01-09,1
50,0,230,2,3,2,1,3,0,,0,2025-01-24,,2025-01-25,0
87,3,510,3,6,9,3,1,1,2025-05-19,10,2025-07-06,2025-07-08,2025-07-07,2
82,3,578,3,7,9,3,1,1,2025-04-01,8,2025-05-18,2025-05-19,2025-05-19,2
87,3,491,3,7,9,3,1,1,2025-01-03,20,2025-02-11,2025-02-12,2025-02-12,2
95,2,565,3,6,8,3,1,1,2025-10-28,25,2025-12-07,2025-12-09,2025-12-08,2
59,1,259,1,4,4,2,3,0,,0,2025-09-12,2025-09-13,2025-09-13,0
71,2,384,2,4,7,2,2,1,2025-06-27,23,2025-07-24,2025-07-26,2025-07-25,1
33,0,253,1,2,3,1,2,0,,0,2025-10-20,,2025-10-21,0
88,3,562,3,6,10,3,1,1,2025-07-14,23,2025-08-16,2025-08-17,2025-08-17,2
87,2,477,3,7,10,3,1,1,2025-06-07,18,2025-07-09,2025-07-10,2025-07-10,2
82,3,559,3,5,8,3,1,1,2025-04-18,26,2025-05-12,2025-05-12,2025-05-13,2
55,0,300,1,2,4,1,3,0,,0,2025-02-19,,2025-02-20,0
95,2,544,3,7,10,3,1,1,2025-06-07,21,2025-07-22,2025-07-23,2025-07-23,2
62,1,327,3,5,5,3,2,0,,0,2026-01-08,2026-01-09,2026-01-09,1
44,0,215,1,3,2,1,3,0,,0,2025-03-16,,2025-03-17,0
38,1,274,2,3,3,1,3,0,,0,2025-07-13,2025-07-14,2025-07-14,0
73,2,347,2,5,6,2,2,0,,0,2026-01-11,2026-01-12,2026-01-12,1
89,2,505,3,6,8,3,1,1,2025-10-12,25,2025-11-19,2025-11-19,2025-11-20,2
50,0,179,2,2,4,1,2,0,,0,2025-03-28,,2025-03-29,0
50,0,182,2,4,4,2,3,0,,0,2025-08-31,,2025-09-01,0
50,0,283,1,2,3,1,3,0,,0,2025-11-10,,2025-11-11,0
34,1,192,1,3,4,1,2,0,,0,2025-08-05,2025-08-06,2025-08-06,0
61,1,370,2,5,5,2,2,0,,0,2025-08-22,2025-08-24,2025-08-23,1
60,2,307,3,5,7,3,2,1,2025-03-19,30,2025-05-18,2025-05-19,2025-05-19,1
22,0,253,1,3,4,1,2,0,,0,2025-10-12,,2025-10-13,0
66,1,332,3,5,7,2,2,1,2025-11-25,23,2026-01-08,2026-01-09,2026-01-09,1
95,3,580,3,5,9,3,1,1,2025-09-30,9,2025-11-04,2025-11-06,2025-11-05,2
94,2,525,3,6,10,3,1,1,2025-11-30,17,2026-01-20,2026-01-21,2026-01-21,2
20,1,277,1,4,1,1,3,0,,0,2025-07-10,2025-07-10,2025-07-11,0
75,2,304,3,5,5,3,2,0,,0,2025-10-17,2025-10-19,2025-10-18,1
67,2,304,2,5,5,2,2,1,2025-06-10,10,2025-07-01,2025-07-01,2025-07-02,1
80,2,339,3,5,6,3,2,0,,0,2025-03-10,2025-03-12,2025-03-11,1
80,2,505,3,7,8,3,1,1,2025-02-19,17,2025-03-21,2025-03-22,2025-03-22,2
84,3,600,3,6,9,3,1,1,2025-04-19,9,2025-05-07,2025-05-08,2025-05-08,2
70,2,373,2,5,6,2,2,1,2025-07-03,28,2025-08-30,2025-08-30,2025-08-31,1
66,2,382,2,5,7,2,2,1,2024-12-28,18,2025-01-14,2025-01-15,2025-01-15,1
58,1,256,2,2,2,1,2,0,,0,2025-05-16,2025-05-16,2025-05-17,0
91,2,477,3,7,9,3,1,1,2025-04-11,23,2025-06-03,2025-06-05,2025-06-04,2
69,2,340,3,5,7,3,2,1,2025-10-28,28,2025-12-22,2025-12-23,2025-12-23,1
46,1,178,2,4,2,2,2,0,,0,2025-06-18,2025-06-19,2025-06-19,0
79,2,316,2,5,5,2,2,0,,0,2025-02-08,2025-02-09,2025-02-09,1
60,1,390,2,4,6,3,2,0,,0,2025-12-19,2025-12-21,2025-12-20,1
66,2,392,3,5,5,3,2,1,2025-07-29,20,2025-09-01,2025-09-02,2025-09-02,1
32,1,253,2,3,4,1,2,0,,0,2025-05-24,2025-05-24,2025-05-25,0
93,2,480,3,5,10,3,1,1,2025-09-03,24,2025-09-23,2025-09-23,2025-09-24,2
95,2,515,3,7,9,3,1,1,2025-05-12,13,2025-06-10,2025-06-10,2025-06-11,2
24,0,244,1,4,4,2,2,0,,0,2025-10-13,,2025-10-14,0
91,3,501,3,6,10,3,1,1,2024-12-06,29,2025-01-30,2025-02-01,2025-01-31,2
41,0,202,2,3,3,2,2,0,,0,2025-01-16,,2025-01-17,0
43,1,266,2,4,3,1,3,0,,0,2025-02-23,2025-02-23,2025-02-24,0
25,1,157,2,3,3,1,2,0,,0,2026-02-02,2026-02-04,2026-02-03,0
43,1,243,1,2,2,1,2,0,,0,2025-07-09,2025-07-11,2025-07-10,0
50,0,273,2,2,1,2,2,0,,0,2025-07-06,,2025-07-07,0
82,3,540,3,6,8,3,1,1,2025-06-18,10,2025-07-30,2025-08-01,2025-07-31,2
63,2,352,3,4,7,3,2,1,2025-03-10,10,2025-04-21,2025-04-21,2025-04-22,1
87,3,564,3,7,9,3,1,1,2025-03-27,9,2025-05-18,2025-05-20,2025-05-19,2
48,0,182,2,2,3,1,3,0,,0,2025-08-14,,2025-08-15,0
83,2,491,3,7,9,3,1,1,2025-03-15,19,2025-05-05,2025-05-05,2025-05-06,2
81,3,507,3,6,9,3,1,1,2025-09-07,15,2025-09-19,2025-09-21,2025-09-20,2
85,3,462,3,6,8,3,1,1,2025-11-27,21,2026-01-08,2026-01-08,2026-01-09,2
69,1,418,3,4,5,3,2,0,,0,2025-04-15,2025-04-17,2025-04-16,1
67,2,412,3,4,6,2,2,1,2024-12-23,27,2025-01-20,2025-01-22,2025-01-21,1
46,0,263,1,3,3,1,2,0,,0,2025-03-26,,2025-03-27,0
42,1,265,1,2,3,1,3,0,,0,2025-04-10,2025-04-12,2025-04-11,0
22,0,287,1,3,4,2,2,0,,0,2025-11-29,,2025-11-30,0
44,1,203,2,4,2,1,3,0,,0,2026-02-01,2026-02-03,2026-02-02,0
29,1,256,2,4,2,1,2,0,,0,2025-08-27,2025-08-27,2025-08-28,0
72,1,363,3,4,6,2,2,0,,0,2025-11-10,2025-11-11,2025-11-11,1
